trade_id,buy_price,sell_price,quantity,buy_timestamp,sell_timestamp,hold_time,profit,profit_pct,buy_costs,sell_costs,total_costs,reason,is_loss,is_win
0,19725.59,19408.56,0.0003,2024-07-21 19:00:00-03:00,2024-07-22 02:00:00-03:00,0 days 07:00:00,-0.11417500949999947,-0.019293890068687338,0.0088765155,0.010189493999999999,0.019066009499999998,stop_loss,True,False
1,19494.14,19182.12,0.0003,2024-07-22 16:00:00-03:00,2024-07-22 20:00:00-03:00,0 days 04:00:00,-0.1124489760000002,-0.01922782538752675,0.008772362999999998,0.010070612999999997,0.018842975999999997,stop_loss,True,False
2,19402.07,19099.92,0.0003,2024-07-22 22:00:00-03:00,2024-07-23 13:00:00-03:00,0 days 15:00:00,-0.10940338950000002,-0.018795827713228543,0.008730931499999999,0.010027457999999998,0.018758389499999997,stop_loss,True,False
3,19517.04,19166.5,0.0003,2024-07-23 19:00:00-03:00,2024-07-24 15:00:00-03:00,0 days 20:00:00,-0.12400708050000081,-0.021179284102507485,0.008782668,0.0100624125,0.0188450805,stop_loss,True,False
4,17856.15,18328.3,0.0003,2024-07-25 13:00:00-03:00,2024-07-25 23:00:00-03:00,0 days 10:00:00,0.12398737499999996,0.023145596895187366,0.0080352675,0.0096223575,0.017657625,take_profit,False,True
5,18338.62,18859.72,0.0003,2024-07-26 01:00:00-03:00,2024-07-27 10:00:00-03:00,1 days 09:00:00,0.13817626800000046,0.025115715359171058,0.008252379,0.009901353000000002,0.018153732000000002,take_profit,False,True
6,18822.87,18531.64,0.0003,2024-07-27 11:00:00-03:00,2024-07-27 15:00:00-03:00,0 days 04:00:00,-0.10556840250000021,-0.018695059520678875,0.0084702915,0.009729111,0.0181994025,stop_loss,True,False
7,18560.83,19039.81,0.0003,2024-07-27 16:00:00-03:00,2024-07-29 00:00:00-03:00,1 days 08:00:00,0.12534572625000012,0.022510797604417498,0.0083523735,0.009995900249999998,0.018348273749999998,take_profit,False,True
8,19000.0,18556.81,0.0003,2024-07-29 01:00:00-03:00,2024-07-29 13:00:00-03:00,0 days 12:00:00,-0.15124932524999973,-0.02653496934210522,0.008549999999999999,0.00974232525,0.018292325249999998,stop_loss,True,False
9,18887.8,18594.82,0.0003,2024-07-30 06:00:00-03:00,2024-07-30 15:00:00-03:00,0 days 09:00:00,-0.10615579049999986,-0.018734454780334375,0.008499509999999998,0.0097622805,0.0182617905,stop_loss,True,False
10,18786.8,18339.48,0.0003,2024-07-31 05:00:00-03:00,2024-07-31 17:00:00-03:00,0 days 12:00:00,-0.1522782870000005,-0.02701866682990194,0.00845406,0.009628227,0.018082287,stop_loss,True,False
11,18241.33,17882.87,0.0003,2024-08-01 09:00:00-03:00,2024-08-01 11:00:00-03:00,0 days 02:00:00,-0.1251351052500005,-0.022866590182843115,0.0082085985,0.00938850675,0.01759710525,stop_loss,True,False
12,18028.25,17507.85,0.0003,2024-08-01 16:00:00-03:00,2024-08-02 11:00:00-03:00,0 days 19:00:00,-0.17342433375000077,-0.032065292665677626,0.008112712499999999,0.009191621249999997,0.017304333749999998,stop_loss,True,False
13,17342.41,17015.24,0.0003,2024-08-03 11:00:00-03:00,2024-08-03 12:00:00-03:00,0 days 01:00:00,-0.1148880854999996,-0.022082299115290128,0.007804084500000001,0.008933001,0.0167370855,stop_loss,True,False
14,14058.23,14422.25,0.0003,2024-08-05 10:00:00-03:00,2024-08-05 11:00:00-03:00,0 days 01:00:00,0.0953081152500004,0.022598415127651303,0.0063262035,0.00757168125,0.013897884749999999,take_profit,False,True
15,14439.18,14201.94,0.0003,2024-08-06 01:00:00-03:00,2024-08-06 07:00:00-03:00,0 days 06:00:00,-0.08512564950000079,-0.01965154288539949,0.006497631,0.0074560185,0.0139536495,stop_loss,True,False
16,13944.64,14398.82,0.0003,2024-08-06 09:00:00-03:00,2024-08-06 11:00:00-03:00,0 days 02:00:00,0.12241953150000005,0.02926322264325219,0.006275087999999999,0.0075593805,0.013834468499999999,take_profit,False,True
17,14366.74,14114.56,0.0003,2024-08-06 12:00:00-03:00,2024-08-06 14:00:00-03:00,0 days 02:00:00,-0.08952917699999884,-0.020772324828040055,0.0064650329999999985,0.007410144,0.013875176999999999,stop_loss,True,False
18,14233.6,14000.8,0.0003,2024-08-06 15:00:00-03:00,2024-08-07 09:00:00-03:00,0 days 18:00:00,-0.08359554000000087,-0.01957704305305776,0.00640512,0.007350419999999998,0.013755539999999998,stop_loss,True,False
19,13864.36,14554.4,0.0003,2024-08-07 22:00:00-03:00,2024-08-08 13:00:00-03:00,0 days 15:00:00,0.19313197799999876,0.046433680314128874,0.006238962000000001,0.007641059999999998,0.013880021999999999,take_profit,False,True
20,14488.25,15107.94,0.0003,2024-08-08 14:00:00-03:00,2024-08-08 19:00:00-03:00,0 days 05:00:00,0.1714556189999999,0.039447050540955576,0.0065197125,0.0079316685,0.014451381000000001,take_profit,False,True
21,14950.0,14711.33,0.0003,2024-08-08 20:00:00-03:00,2024-08-09 07:00:00-03:00,0 days 11:00:00,-0.0860519482500004,-0.01918661053511715,0.006727499999999999,0.007723448249999999,0.014450948249999998,stop_loss,True,False
22,14722.37,14331.78,0.0003,2024-08-09 08:00:00-03:00,2024-08-09 11:00:00-03:00,0 days 03:00:00,-0.131326251000001,-0.02973394704792797,0.0066250665,0.0075241844999999995,0.014149251,stop_loss,True,False
23,14662.1,14221.46,0.0003,2024-08-10 08:00:00-03:00,2024-08-11 17:00:00-03:00,1 days 09:00:00,-0.14625621150000057,-0.03325040103395843,0.006597944999999999,0.007466266499999999,0.014064211499999998,stop_loss,True,False
24,14861.99,14457.7,0.0003,2024-08-12 08:00:00-03:00,2024-08-12 10:00:00-03:00,0 days 02:00:00,-0.13556518799999945,-0.030405346794069855,0.006687895499999999,0.007590292499999999,0.014278187999999997,stop_loss,True,False
25,14913.79,14539.0,0.0003,2024-08-12 11:00:00-03:00,2024-08-12 15:00:00-03:00,0 days 04:00:00,-0.12678118049999984,-0.02833645471741251,0.006711205499999999,0.007632974999999999,0.014344180499999998,stop_loss,True,False
26,14700.0,15072.87,0.0003,2024-08-12 16:00:00-03:00,2024-08-12 22:00:00-03:00,0 days 06:00:00,0.09733274325,0.0220709168367347,0.0066149999999999985,0.00791325675,0.01452825675,take_profit,False,True
27,14971.26,14671.99,0.0003,2024-08-12 23:00:00-03:00,2024-08-13 00:00:00-03:00,0 days 01:00:00,-0.10422086175000046,-0.02320465161248963,0.006737066999999999,0.00770279475,0.01443986175,stop_loss,True,False
28,14698.48,15094.93,0.0003,2024-08-13 01:00:00-03:00,2024-08-14 08:00:00-03:00,1 days 07:00:00,0.10439584575000034,0.023674975405620254,0.006614315999999999,0.00792483825,0.014539154249999998,take_profit,False,True
29,14908.57,14566.28,0.0003,2024-08-14 09:00:00-03:00,2024-08-14 10:00:00-03:00,0 days 01:00:00,-0.11704315349999964,-0.0261690990483996,0.0067088565,0.007647297,0.0143561535,stop_loss,True,False
30,14585.1,14071.11,0.0003,2024-08-15 10:00:00-03:00,2024-08-15 15:00:00-03:00,0 days 05:00:00,-0.1681476277499995,-0.03842908807618723,0.006563295,0.0073873327499999995,0.01395062775,stop_loss,True,False
31,14418.63,14090.58,0.0003,2024-08-16 08:00:00-03:00,2024-08-16 09:00:00-03:00,0 days 01:00:00,-0.11230093799999905,-0.0259619991635819,0.006488383499999999,0.0073975545,0.013885938,stop_loss,True,False
32,14363.2,14479.83,0.0003,2024-08-16 15:00:00-03:00,2024-08-19 02:00:00-03:00,2 days 11:00:00,0.02092364924999944,0.00485584671243164,0.006463439999999999,0.0076019107499999995,0.014065350749999999,technical_signal,False,True
33,14402.59,14149.6,0.0003,2024-08-19 21:00:00-03:00,2024-08-20 11:00:00-03:00,0 days 14:00:00,-0.08980670550000058,-0.020784850849743134,0.006481165499999999,0.007428539999999999,0.013909705499999998,stop_loss,True,False
34,14218.66,14588.58,0.0003,2024-08-21 10:00:00-03:00,2024-08-22 15:00:00-03:00,1 days 05:00:00,0.09691859850000017,0.022720987420755585,0.006398397,0.0076590045,0.0140574015,take_profit,False,True
35,14675.68,15117.43,0.0003,2024-08-22 17:00:00-03:00,2024-08-23 16:00:00-03:00,0 days 23:00:00,0.11798429324999973,0.02679814342504055,0.0066040560000000005,0.00793665075,0.01454070675,take_profit,False,True
36,15173.66,14858.5,0.0003,2024-08-23 17:00:00-03:00,2024-08-26 14:00:00-03:00,2 days 21:00:00,-0.10917685950000044,-0.023983855246525985,0.006828147,0.007800712499999999,0.014628859499999999,stop_loss,True,False
37,14064.7,13781.65,0.0003,2024-08-28 09:00:00-03:00,2024-08-28 10:00:00-03:00,0 days 01:00:00,-0.09847948125000028,-0.023339633088512442,0.006329115,0.007235366249999999,0.01356448125,stop_loss,True,False
38,13910.1,14257.91,0.0003,2024-08-28 11:00:00-03:00,2024-08-29 03:00:00-03:00,0 days 16:00:00,0.09059805224999964,0.02171037645308077,0.006259545,0.00748540275,0.01374494775,take_profit,False,True
39,14237.07,14326.67,0.0003,2024-08-29 04:00:00-03:00,2024-08-30 09:00:00-03:00,1 days 05:00:00,0.012951816749999023,0.003032416255591687,0.006406681500000001,0.007521501749999999,0.01392818325,technical_signal,False,True
40,14303.31,14087.93,0.0003,2024-08-30 20:00:00-03:00,2024-08-31 23:00:00-03:00,1 days 03:00:00,-0.07844665274999987,-0.01828170140338143,0.0064364895,0.00739616325,0.01383265275,stop_loss,True,False
41,14191.63,13692.68,0.0003,2024-09-01 17:00:00-03:00,2024-09-01 19:00:00-03:00,0 days 02:00:00,-0.16325989050000023,-0.03834652080134564,0.0063862335,0.007188656999999999,0.013574890499999999,stop_loss,True,False
42,14310.99,13932.34,0.0003,2024-09-02 07:00:00-03:00,2024-09-03 10:00:00-03:00,1 days 03:00:00,-0.12734942399999977,-0.029662383944087673,0.0064399455,0.007314478499999999,0.013754423999999998,stop_loss,True,False
43,13588.65,13903.86,0.0003,2024-09-04 09:00:00-03:00,2024-09-04 12:00:00-03:00,0 days 03:00:00,0.08114858100000108,0.01990597079180078,0.0061148925,0.0072995265,0.013414419,technical_signal,False,True
44,14018.26,13610.59,0.0003,2024-09-04 13:00:00-03:00,2024-09-05 00:00:00-03:00,0 days 11:00:00,-0.13575477674999897,-0.03228046294618566,0.006308217,0.007145559750000001,0.01345377675,stop_loss,True,False
45,13399.22,13082.97,0.0003,2024-09-06 09:00:00-03:00,2024-09-06 11:00:00-03:00,0 days 02:00:00,-0.10777320825000045,-0.026810816413194313,0.006029649,0.006868559249999998,0.012898208249999998,stop_loss,True,False
46,12978.87,12718.13,0.0003,2024-09-07 11:00:00-03:00,2024-09-08 12:00:00-03:00,1 days 01:00:00,-0.09073950975000024,-0.02330441960663762,0.0058404915,0.006677018249999999,0.01251750975,stop_loss,True,False
47,12948.88,13297.23,0.0003,2024-09-08 19:00:00-03:00,2024-09-09 18:00:00-03:00,0 days 23:00:00,0.09169695825000015,0.02360486215796274,0.005826995999999999,0.0069810457499999996,0.012808041749999999,take_profit,False,True
48,13227.46,13558.42,0.0003,2024-09-09 19:00:00-03:00,2024-09-10 20:00:00-03:00,1 days 01:00:00,0.0862174725000004,0.021726890499007473,0.005952357,0.0071181705,0.0130705275,take_profit,False,True
49,13507.1,13265.54,0.0003,2024-09-10 21:00:00-03:00,2024-09-11 01:00:00-03:00,0 days 04:00:00,-0.08551060350000021,-0.02110263083859605,0.006078195,0.0069644085,0.0130426035,stop_loss,True,False
50,13256.37,12934.98,0.0003,2024-09-11 03:00:00-03:00,2024-09-11 10:00:00-03:00,0 days 07:00:00,-0.1091732310000003,-0.027451766207491266,0.0059653664999999995,0.0067908645,0.012756231,stop_loss,True,False
51,13234.54,13347.47,0.0003,2024-09-11 15:00:00-03:00,2024-09-12 16:00:00-03:00,1 days 01:00:00,0.02091603524999975,0.00526804237245867,0.005955543,0.007007421749999999,0.01296296475,technical_signal,False,True
52,13353.37,13396.48,0.0003,2024-09-12 19:00:00-03:00,2024-09-13 12:00:00-03:00,0 days 17:00:00,-0.00010916850000057023,-2.7251173299466784e-05,0.0060090165000000004,0.007033151999999998,0.0130421685,technical_signal,True,False
53,13408.47,13500.28,0.0003,2024-09-13 13:00:00-03:00,2024-09-15 07:00:00-03:00,1 days 18:00:00,0.014421541500000898,0.0035851819782572506,0.006033811499999999,0.007087647,0.013121458499999999,technical_signal,False,True
54,12875.89,12615.38,0.0003,2024-09-16 09:00:00-03:00,2024-09-16 11:00:00-03:00,0 days 02:00:00,-0.09057022500000013,-0.023446981140721183,0.005794150499999999,0.006623074499999999,0.012417224999999999,stop_loss,True,False
55,12758.0,13160.8,0.0003,2024-09-16 14:00:00-03:00,2024-09-17 12:00:00-03:00,0 days 22:00:00,0.1081894799999999,0.028267095155980537,0.005741099999999999,0.0069094199999999995,0.012650519999999998,take_profit,False,True
56,13069.81,12869.2,0.0003,2024-09-17 13:00:00-03:00,2024-09-17 19:00:00-03:00,0 days 06:00:00,-0.07282074449999941,-0.01857225277184581,0.0058814144999999995,0.00675633,0.012637744499999999,stop_loss,True,False
57,12880.97,12649.15,0.0003,2024-09-17 20:00:00-03:00,2024-09-18 06:00:00-03:00,0 days 10:00:00,-0.08198324024999976,-0.021215596923213023,0.005796436499999999,0.006640803749999999,0.012437240249999999,stop_loss,True,False
58,12771.74,13093.5,0.0003,2024-09-18 15:00:00-03:00,2024-09-18 21:00:00-03:00,0 days 06:00:00,0.08390662950000022,0.021899033726023295,0.005747282999999999,0.0068740875,0.0126213705,take_profit,False,True
59,13037.32,13439.33,0.0003,2024-09-18 22:00:00-03:00,2024-09-19 13:00:00-03:00,0 days 15:00:00,0.10768055775000031,0.027531363232627646,0.005866794,0.00705564825,0.012922442249999999,take_profit,False,True
60,13440.24,13779.08,0.0003,2024-09-19 14:00:00-03:00,2024-09-20 02:00:00-03:00,0 days 12:00:00,0.08836987500000049,0.02191674032606573,0.006048107999999999,0.007234017000000001,0.013282124999999999,take_profit,False,True
61,13881.36,14130.95,0.0003,2024-09-20 03:00:00-03:00,2024-09-21 12:00:00-03:00,1 days 09:00:00,0.061211639249999714,0.014698761324538737,0.0062466119999999995,0.00741874875,0.01366536075,technical_signal,False,True
62,14151.94,14300.72,0.0003,2024-09-21 14:00:00-03:00,2024-09-22 19:00:00-03:00,1 days 05:00:00,0.030757748999999206,0.007244648436892565,0.006368372999999999,0.007507877999999999,0.013876251,technical_signal,False,True
63,14324.9,14712.85,0.0003,2024-09-22 21:00:00-03:00,2024-09-23 00:00:00-03:00,0 days 03:00:00,0.10221454875000062,0.023784819614796757,0.006446204999999999,0.0077242462500000005,0.01417045125,take_profit,False,True
64,14675.95,14424.6,0.0003,2024-09-23 01:00:00-03:00,2024-09-24 10:00:00-03:00,1 days 09:00:00,-0.08958209249999985,-0.02034668794865065,0.006604177500000001,0.0075729149999999995,0.0141770925,stop_loss,True,False
65,14509.2,14279.56,0.0003,2024-09-24 19:00:00-03:00,2024-09-25 03:00:00-03:00,0 days 08:00:00,-0.08291790900000114,-0.019049501695476236,0.006529139999999999,0.007496768999999998,0.014025908999999996,stop_loss,True,False
66,14372.52,14144.04,0.0003,2024-09-25 09:00:00-03:00,2024-09-25 14:00:00-03:00,0 days 05:00:00,-0.08243725500000049,-0.019119183692212754,0.006467634,0.0074256209999999994,0.013893255,stop_loss,True,False
67,14387.78,14814.56,0.0003,2024-09-26 03:00:00-03:00,2024-09-27 13:00:00-03:00,1 days 10:00:00,0.11378185500000051,0.026360762396978668,0.006474501,0.007777643999999999,0.014252144999999999,take_profit,False,True
68,14756.75,14493.84,0.0003,2024-09-27 14:00:00-03:00,2024-09-29 03:00:00-03:00,1 days 13:00:00,-0.09312280349999998,-0.021035075135107658,0.006640537499999999,0.007609266,0.014249803499999998,stop_loss,True,False
69,14591.57,14325.57,0.0003,2024-09-29 12:00:00-03:00,2024-09-29 22:00:00-03:00,0 days 10:00:00,-0.09388713075000016,-0.021447801881497367,0.0065662064999999995,0.007520924249999999,0.01408713075,stop_loss,True,False
70,14442.7,14163.69,0.0003,2024-10-01 01:00:00-03:00,2024-10-01 10:00:00-03:00,0 days 09:00:00,-0.09763815225000111,-0.022534602775104634,0.006499215000000001,0.007435937249999999,0.013935152249999999,stop_loss,True,False
71,13355.76,13060.43,0.0003,2024-10-02 10:00:00-03:00,2024-10-02 15:00:00-03:00,0 days 05:00:00,-0.10146581775000038,-0.025323859705475488,0.006010092,0.006856725749999999,0.012866817749999999,stop_loss,True,False
72,12933.44,13345.83,0.0003,2024-10-03 09:00:00-03:00,2024-10-04 13:00:00-03:00,1 days 04:00:00,0.11089039125000025,0.028579762035467814,0.0058200479999999995,0.00700656075,0.01282660875,take_profit,False,True
73,13271.96,13657.07,0.0003,2024-10-04 14:00:00-03:00,2024-10-06 21:00:00-03:00,2 days 07:00:00,0.10239065625000027,0.025716034971473765,0.005972381999999999,0.0071699617499999995,0.013142343749999999,take_profit,False,True
74,13712.19,13461.66,0.0003,2024-10-06 22:00:00-03:00,2024-10-07 07:00:00-03:00,0 days 09:00:00,-0.08839685700000001,-0.0214886309189123,0.0061704855,0.007067371499999999,0.013237856999999999,stop_loss,True,False
75,13573.03,13353.52,0.0003,2024-10-07 08:00:00-03:00,2024-10-07 15:00:00-03:00,0 days 07:00:00,-0.07897146149999965,-0.019394210798915117,0.0061078635000000004,0.007010598,0.013118461500000001,stop_loss,True,False
76,13514.47,13261.94,0.0003,2024-10-08 10:00:00-03:00,2024-10-09 17:00:00-03:00,1 days 07:00:00,-0.0888030299999992,-0.021903197091709656,0.006081511499999999,0.006962518499999999,0.013044029999999998,stop_loss,True,False
77,13501.07,13839.32,0.0003,2024-10-11 00:00:00-03:00,2024-10-11 16:00:00-03:00,0 days 16:00:00,0.08813387549999956,0.021759726080969773,0.006075481499999999,0.007265642999999999,0.013341124499999997,take_profit,False,True
78,13834.21,13906.76,0.0003,2024-10-11 17:00:00-03:00,2024-10-13 16:00:00-03:00,1 days 23:00:00,0.008238556500000643,0.001985068536620605,0.006225394499999999,0.007301049,0.013526443499999999,technical_signal,False,True
79,13936.96,14317.05,0.0003,2024-10-13 18:00:00-03:00,2024-10-14 01:00:00-03:00,0 days 07:00:00,0.10023891675000021,0.023974361876621643,0.006271631999999999,0.007516451249999999,0.01378808325,take_profit,False,True
80,14261.18,14698.48,0.0003,2024-10-14 02:00:00-03:00,2024-10-14 11:00:00-03:00,0 days 09:00:00,0.1170557670000004,0.027360000364626304,0.006417531,0.007716701999999999,0.014134233,take_profit,False,True
81,14747.51,14523.45,0.0003,2024-10-14 12:00:00-03:00,2024-10-15 02:00:00-03:00,0 days 14:00:00,-0.08147919074999992,-0.018416485393127367,0.006636379499999999,0.0076248112499999994,0.01426119075,stop_loss,True,False
82,14603.58,15007.18,0.0003,2024-10-15 03:00:00-03:00,2024-10-15 10:00:00-03:00,0 days 07:00:00,0.10662961949999963,0.024338694005168512,0.006571611000000001,0.0078787695,0.014450380500000002,take_profit,False,True
83,14500.4,14792.41,0.0003,2024-10-15 11:00:00-03:00,2024-10-16 07:00:00-03:00,0 days 20:00:00,0.07331180475,0.016852823542798823,0.00652518,0.007766015249999999,0.01429119525,technical_signal,False,True
84,14841.0,15221.96,0.0003,2024-10-16 08:00:00-03:00,2024-10-19 19:00:00-03:00,3 days 11:00:00,0.09961802100000028,0.02237450778249451,0.006678449999999999,0.007991529,0.014669979,take_profit,False,True
85,15183.84,15571.04,0.0003,2024-10-19 20:00:00-03:00,2024-10-20 17:00:00-03:00,0 days 21:00:00,0.10115247600000023,0.02220616919040248,0.006832728,0.008174795999999998,0.015007523999999998,take_profit,False,True
86,15594.28,15336.27,0.0003,2024-10-20 18:00:00-03:00,2024-10-21 10:00:00-03:00,0 days 16:00:00,-0.09247196774999988,-0.01976621508014475,0.007017425999999999,0.008051541749999998,0.015068967749999999,stop_loss,True,False
87,14981.83,14750.54,0.0003,2024-10-22 20:00:00-03:00,2024-10-23 05:00:00-03:00,0 days 09:00:00,-0.08387285699999883,-0.018661017379051566,0.006741823499999999,0.0077440335000000015,0.014485857000000001,stop_loss,True,False
88,14476.61,14227.52,0.0003,2024-10-24 09:00:00-03:00,2024-10-25 01:00:00-03:00,0 days 16:00:00,-0.08871092249999948,-0.02042626519606443,0.006514474499999999,0.007469448,0.013983922499999999,stop_loss,True,False
89,14492.92,14257.14,0.0003,2024-10-25 09:00:00-03:00,2024-10-25 14:00:00-03:00,0 days 05:00:00,-0.0847408124999997,-0.019490163127927222,0.006521813999999999,0.007484998499999999,0.014006812499999998,stop_loss,True,False
90,14060.84,14194.75,0.0003,2024-10-26 11:00:00-03:00,2024-10-27 07:00:00-03:00,0 days 20:00:00,0.026393378249999815,0.006256946775583776,0.006327378,0.0074522437499999995,0.013779621749999998,technical_signal,False,True
91,14351.4,14726.13,0.0003,2024-10-27 11:00:00-03:00,2024-10-28 21:00:00-03:00,1 days 10:00:00,0.09822965174999915,0.022815347108992655,0.006458129999999999,0.007731218249999998,0.014189348249999997,take_profit,False,True
92,14719.27,15134.72,0.0003,2024-10-28 22:00:00-03:00,2024-10-29 12:00:00-03:00,0 days 14:00:00,0.11006560049999946,0.02492551159126765,0.006623671499999999,0.007945727999999999,0.014569399499999998,take_profit,False,True
93,15270.63,15018.95,0.0003,2024-10-29 13:00:00-03:00,2024-10-29 16:00:00-03:00,0 days 03:00:00,-0.0902607322499997,-0.01970246856220071,0.006871783499999999,0.007884948749999999,0.014756732249999998,stop_loss,True,False
94,15001.81,15461.85,0.0003,2024-10-29 17:00:00-03:00,2024-10-30 09:00:00-03:00,0 days 16:00:00,0.12314371424999952,0.027361968155842426,0.006750814499999999,0.008117471249999998,0.014868285749999996,take_profit,False,True
95,15535.57,15292.85,0.0003,2024-10-30 10:00:00-03:00,2024-10-31 01:00:00-03:00,0 days 15:00:00,-0.08783575275000037,-0.018846160295373858,0.0069910065,0.00802874625,0.01501975275,stop_loss,True,False
96,15319.25,14814.89,0.0003,2024-10-31 02:00:00-03:00,2024-10-31 11:00:00-03:00,0 days 09:00:00,-0.16597947975000027,-0.03611566705289103,0.0068936625,0.007777817249999999,0.014671479749999999,stop_loss,True,False
97,14683.04,14737.97,0.0003,2024-11-01 09:00:00-03:00,2024-11-02 07:00:00-03:00,0 days 22:00:00,0.002134197750000292,0.00048450406046710856,0.006607367999999999,0.00773743425,0.01434480225,technical_signal,False,True
98,14766.0,14458.64,0.0003,2024-11-02 17:00:00-03:00,2024-11-02 23:00:00-03:00,0 days 06:00:00,-0.10644348600000003,-0.024028959772450235,0.006644699999999999,0.007590785999999999,0.014235485999999999,stop_loss,True,False
99,14520.6,14235.93,0.0003,2024-11-03 16:00:00-03:00,2024-11-04 11:00:00-03:00,0 days 19:00:00,-0.09940913325000049,-0.02282025381182607,0.00653427,0.007473863250000001,0.01400813325,stop_loss,True,False
100,14173.52,13928.0,0.0003,2024-11-05 10:00:00-03:00,2024-11-05 16:00:00-03:00,0 days 06:00:00,-0.08734628400000005,-0.020542129266406667,0.006378083999999999,0.0073122,0.013690283999999999,stop_loss,True,False
101,14393.02,14767.25,0.0003,2024-11-05 21:00:00-03:00,2024-11-05 23:00:00-03:00,0 days 02:00:00,0.09803933474999943,0.02270529621302535,0.006476859,0.007752806249999999,0.014229665249999999,take_profit,False,True
102,14858.62,15271.61,0.0003,2024-11-06 00:00:00-03:00,2024-11-06 08:00:00-03:00,0 days 08:00:00,0.10919302574999935,0.024495999796750833,0.006686379000000001,0.008017595249999999,0.01470397425,take_profit,False,True
103,15315.96,15921.48,0.0003,2024-11-06 09:00:00-03:00,2024-11-06 22:00:00-03:00,0 days 13:00:00,0.1664050410000005,0.036216043264673044,0.006892182,0.008358777,0.015250959,take_profit,False,True
104,16260.41,15889.92,0.0003,2024-11-06 23:00:00-03:00,2024-11-07 03:00:00-03:00,0 days 04:00:00,-0.12680639250000006,-0.025994914949869052,0.0073171845,0.008342208,0.0156593925,stop_loss,True,False
105,15996.39,16411.18,0.0003,2024-11-07 04:00:00-03:00,2024-11-07 16:00:00-03:00,0 days 12:00:00,0.10862275500000054,0.022634847612492685,0.0071983755,0.0086158695,0.015814244999999998,take_profit,False,True
106,16497.71,16976.32,0.0003,2024-11-07 17:00:00-03:00,2024-11-08 10:00:00-03:00,0 days 17:00:00,0.12724646250000007,0.025709924286461596,0.007423969499999999,0.008912568,0.016336537499999998,take_profit,False,True
107,16829.4,17533.92,0.0003,2024-11-08 11:00:00-03:00,2024-11-09 02:00:00-03:00,0 days 15:00:00,0.19457746199999826,0.038539195693250754,0.00757323,0.009205307999999997,0.016778537999999996,take_profit,False,True
108,17517.56,18124.39,0.0003,2024-11-09 03:00:00-03:00,2024-11-09 19:00:00-03:00,0 days 16:00:00,0.1646507932499994,0.031330617820061586,0.007882902,0.009515304749999998,0.01739820675,take_profit,False,True
109,18058.04,18584.01,0.0003,2024-11-09 20:00:00-03:00,2024-11-10 08:00:00-03:00,0 days 12:00:00,0.1399082767499998,0.02582566671133741,0.008126118,0.009756605249999998,0.017882723249999996,take_profit,False,True
110,18468.54,18052.34,0.0003,2024-11-10 09:00:00-03:00,2024-11-10 17:00:00-03:00,0 days 08:00:00,-0.1426483215,-0.025746182697711898,0.008310843,0.009477478499999999,0.0177883215,stop_loss,True,False
111,18398.07,18041.06,0.0003,2024-11-10 18:00:00-03:00,2024-11-11 02:00:00-03:00,0 days 08:00:00,-0.12485368799999981,-0.02262079446376709,0.008279131499999998,0.0094715565,0.017750688,stop_loss,True,False
112,18499.43,19072.03,0.0003,2024-11-11 08:00:00-03:00,2024-11-11 13:00:00-03:00,0 days 05:00:00,0.15344244074999946,0.027648138483185602,0.0083247435,0.010012815749999997,0.018337559249999996,take_profit,False,True
113,19154.18,19681.4,0.0003,2024-11-11 14:00:00-03:00,2024-11-12 05:00:00-03:00,0 days 15:00:00,0.13921388400000004,0.024226893555349283,0.008619380999999999,0.010332735000000001,0.018952115999999998,take_profit,False,True
114,19356.29,18900.42,0.0003,2024-11-12 06:00:00-03:00,2024-11-12 07:00:00-03:00,0 days 01:00:00,-0.15539405100000045,-0.02676030220667295,0.0087103305,0.0099227205,0.018633050999999998,stop_loss,True,False
115,18999.42,18580.79,0.0003,2024-11-12 08:00:00-03:00,2024-11-13 00:00:00-03:00,0 days 16:00:00,-0.14389365374999907,-0.025245271303018565,0.008549738999999999,0.00975491475,0.018304653749999997,stop_loss,True,False
116,19301.3,18422.15,0.0003,2024-11-13 11:00:00-03:00,2024-11-13 16:00:00-03:00,0 days 05:00:00,-0.28210221374999883,-0.048719035116805406,0.008685585,0.009671628750000001,0.01835721375,stop_loss,True,False
117,18472.39,18597.45,0.0003,2024-11-13 17:00:00-03:00,2024-11-13 21:00:00-03:00,0 days 04:00:00,0.01944176325000033,0.0035082562408005197,0.008312575499999999,0.00976366125,0.01807623675,technical_signal,False,True
118,18882.61,18582.16,0.0003,2024-11-14 01:00:00-03:00,2024-11-14 03:00:00-03:00,0 days 02:00:00,-0.10838780850000031,-0.019133620564106394,0.0084971745,0.009755634,0.0182528085,stop_loss,True,False
119,18789.75,18421.27,0.0003,2024-11-14 04:00:00-03:00,2024-11-14 10:00:00-03:00,0 days 06:00:00,-0.12867055424999954,-0.022826373288628028,0.0084553875,0.009671166749999998,0.018126554249999996,stop_loss,True,False
120,18097.34,17655.4,0.0003,2024-11-15 09:00:00-03:00,2024-11-15 12:00:00-03:00,0 days 03:00:00,-0.149994887999999,-0.027627428119270384,0.008143802999999998,0.009269085,0.017412887999999998,stop_loss,True,False
121,18031.44,18666.5,0.0003,2024-11-15 17:00:00-03:00,2024-11-16 08:00:00-03:00,0 days 15:00:00,0.17260393950000075,0.0319079599299891,0.008114147999999998,0.0097999125,0.0179140605,take_profit,False,True
122,18573.18,18058.53,0.0003,2024-11-16 09:00:00-03:00,2024-11-16 22:00:00-03:00,0 days 13:00:00,-0.17223365925000073,-0.030910818583570636,0.008357930999999999,0.009480728249999997,0.017838659249999996,stop_loss,True,False
123,18350.07,18070.93,0.0003,2024-11-17 07:00:00-03:00,2024-11-17 11:00:00-03:00,0 days 04:00:00,-0.10148676975000018,-0.01843531019227723,0.0082575315,0.009487238249999998,0.01774476975,stop_loss,True,False
124,18341.05,17872.04,0.0003,2024-11-18 03:00:00-03:00,2024-11-18 08:00:00-03:00,0 days 05:00:00,-0.15833929349999934,-0.028776850016765554,0.0082534725,0.009382821,0.017636293499999997,stop_loss,True,False
125,18324.64,18047.23,0.0003,2024-11-18 13:00:00-03:00,2024-11-19 04:00:00-03:00,0 days 15:00:00,-0.10094388375000037,-0.01836214040221261,0.008246087999999999,0.009474795749999997,0.017720883749999996,stop_loss,True,False
126,18201.98,17820.29,0.0003,2024-11-19 15:00:00-03:00,2024-11-20 14:00:00-03:00,0 days 23:00:00,-0.1320535432499997,-0.024182999734094813,0.008190891,0.00935565225,0.01754654325,stop_loss,True,False
127,18112.53,19124.48,0.0003,2024-11-21 01:00:00-03:00,2024-11-21 09:00:00-03:00,0 days 08:00:00,0.28539400950000016,0.052522390025026906,0.0081506385,0.010040351999999999,0.018190990499999997,take_profit,False,True
128,19499.0,19115.26,0.0003,2024-11-21 10:00:00-03:00,2024-11-21 12:00:00-03:00,0 days 02:00:00,-0.1339320615000003,-0.022895543617621472,0.008774549999999999,0.010035511499999998,0.018810061499999996,stop_loss,True,False
129,19451.63,20077.97,0.0003,2024-11-21 13:00:00-03:00,2024-11-23 10:00:00-03:00,1 days 21:00:00,0.16860783225000042,0.02889352241945798,0.0087532335,0.010540934250000002,0.01929416775,take_profit,False,True
130,20312.62,19979.33,0.0003,2024-11-23 11:00:00-03:00,2024-11-23 16:00:00-03:00,0 days 05:00:00,-0.1196168272499983,-0.019629312097602103,0.009140678999999999,0.01048914825,0.01962982725,stop_loss,True,False
131,19950.0,19627.01,0.0003,2024-11-23 17:00:00-03:00,2024-11-24 08:00:00-03:00,0 days 15:00:00,-0.11617868025000058,-0.019411642481203105,0.0089775,0.01030418025,0.01928168025,stop_loss,True,False
132,19675.09,20268.01,0.0003,2024-11-24 20:00:00-03:00,2024-11-25 06:00:00-03:00,0 days 10:00:00,0.1583815042499993,0.02683283011666009,0.0088537905,0.010640705249999998,0.01949449575,take_profit,False,True
133,20392.49,19850.1,0.0003,2024-11-25 07:00:00-03:00,2024-11-25 11:00:00-03:00,0 days 04:00:00,-0.18231492300000085,-0.02980099095304217,0.0091766205,0.010421302499999998,0.019597922999999996,stop_loss,True,False
134,20562.24,20216.67,0.0003,2024-11-25 12:00:00-03:00,2024-11-25 14:00:00-03:00,0 days 02:00:00,-0.12353775975000142,-0.020026637783626917,0.009253008,0.010613751749999997,0.019866759749999997,stop_loss,True,False
135,20118.43,19723.57,0.0003,2024-11-25 15:00:00-03:00,2024-11-26 05:00:00-03:00,0 days 14:00:00,-0.13786616775000032,-0.022842433157060523,0.0090532935,0.01035487425,0.01940816775,stop_loss,True,False
136,19846.22,20363.6,0.0003,2024-11-27 01:00:00-03:00,2024-11-27 09:00:00-03:00,0 days 08:00:00,0.13559231099999886,0.022773826451586057,0.008930799,0.010690889999999998,0.019621688999999998,take_profit,False,True
137,20479.41,21188.03,0.0003,2024-11-27 10:00:00-03:00,2024-11-27 15:00:00-03:00,0 days 05:00:00,0.1922465497499998,0.03129102999061005,0.0092157345,0.011123715749999999,0.02033945025,take_profit,False,True
138,21205.36,21279.33,0.0003,2024-11-27 16:00:00-03:00,2024-11-29 06:00:00-03:00,1 days 14:00:00,0.001476939749999906,0.00023216453292939553,0.009542412,0.01117164825,0.02071406025,technical_signal,False,True
139,21353.83,21949.69,0.0003,2024-11-29 08:00:00-03:00,2024-11-30 00:00:00-03:00,0 days 16:00:00,0.1576251892499992,0.02460529551373207,0.0096092235,0.011523587249999998,0.021132810749999998,take_profit,False,True
140,21893.91,22463.05,0.0003,2024-11-30 01:00:00-03:00,2024-12-01 12:00:00-03:00,1 days 11:00:00,0.1490966392499994,0.02269986482542397,0.0098522595,0.01179310125,0.021645360750000002,take_profit,False,True
141,22468.7,22098.05,0.0003,2024-12-01 13:00:00-03:00,2024-12-02 04:00:00-03:00,0 days 15:00:00,-0.13290739125000045,-0.01971741300119729,0.010110914999999998,0.011601476249999998,0.021712391249999997,stop_loss,True,False
142,22342.27,21608.01,0.0003,2024-12-02 12:00:00-03:00,2024-12-02 14:00:00-03:00,0 days 02:00:00,-0.24167622675000078,-0.036056650577582436,0.0100540215,0.011344205249999998,0.02139822675,stop_loss,True,False
143,22163.51,21640.27,0.0003,2024-12-02 23:00:00-03:00,2024-12-03 10:00:00-03:00,0 days 11:00:00,-0.1783067212499989,-0.02681685967159518,0.009973579499999998,0.011361141750000001,0.02133472125,stop_loss,True,False
144,22061.04,22618.18,0.0003,2024-12-03 19:00:00-03:00,2024-12-04 09:00:00-03:00,0 days 14:00:00,0.14533998749999977,0.021960280431022258,0.009927467999999998,0.0118745445,0.0218020125,take_profit,False,True
145,22561.36,23169.25,0.0003,2024-12-04 10:00:00-03:00,2024-12-04 12:00:00-03:00,0 days 02:00:00,0.16005053174999934,0.02364670270320574,0.010152612,0.012163856249999999,0.02231646825,take_profit,False,True
146,22759.26,23491.51,0.0003,2024-12-04 13:00:00-03:00,2024-12-04 17:00:00-03:00,0 days 04:00:00,0.1971002902500006,0.02886741341765954,0.010241666999999998,0.012333042749999999,0.022574709749999998,take_profit,False,True
147,23208.58,24164.02,0.0003,2024-12-04 18:00:00-03:00,2024-12-06 11:00:00-03:00,1 days 17:00:00,0.2635020284999993,0.037845490547030354,0.010443861,0.012686110499999998,0.0231299715,take_profit,False,True
148,24295.89,24631.97,0.0003,2024-12-06 12:00:00-03:00,2024-12-07 18:00:00-03:00,1 days 06:00:00,0.07695906525000017,0.010558584908805587,0.010933150499999999,0.012931784249999998,0.023864934749999997,technical_signal,False,True
149,24606.3,24218.07,0.0003,2024-12-07 21:00:00-03:00,2024-12-08 05:00:00-03:00,0 days 08:00:00,-0.14025632175000058,-0.019000055778398296,0.011072835,0.012714486749999998,0.02378732175,stop_loss,True,False
150,24551.31,24101.58,0.0003,2024-12-08 12:00:00-03:00,2024-12-09 03:00:00-03:00,0 days 15:00:00,-0.15862041899999998,-0.021535907045285973,0.0110480895,0.012653329500000001,0.023701419,stop_loss,True,False
151,22456.47,21721.9,0.0003,2024-12-10 10:00:00-03:00,2024-12-10 12:00:00-03:00,0 days 02:00:00,-0.24188040900000052,-0.03590359615736586,0.0101054115,0.0114039975,0.021509409,stop_loss,True,False
152,22599.93,23266.17,0.0003,2024-12-11 07:00:00-03:00,2024-12-11 23:00:00-03:00,0 days 16:00:00,0.17748729225,0.02617814778629846,0.0101699685,0.012214739249999999,0.022384707749999996,take_profit,False,True
153,23628.32,24271.7,0.0003,2024-12-12 00:00:00-03:00,2024-12-15 21:00:00-03:00,3 days 21:00:00,0.16963861350000056,0.023931538298110146,0.010632744,0.0127426425,0.023375386499999998,take_profit,False,True
154,24279.0,23911.69,0.0003,2024-12-15 22:00:00-03:00,2024-12-16 00:00:00-03:00,0 days 02:00:00,-0.13367218725000057,-0.018352236809588612,0.01092555,0.01255363725,0.02347918725,stop_loss,True,False
155,23985.34,24874.08,0.0003,2024-12-16 01:00:00-03:00,2024-12-16 15:00:00-03:00,0 days 14:00:00,0.2427697050000007,0.03373862325904083,0.010793403,0.013058891999999999,0.023852295,take_profit,False,True
156,24779.56,24285.37,0.0003,2024-12-16 16:00:00-03:00,2024-12-16 21:00:00-03:00,0 days 05:00:00,-0.1721576212499998,-0.023158552351212024,0.011150802,0.012749819249999999,0.023900621249999997,stop_loss,True,False
157,24459.1,23845.78,0.0003,2024-12-16 22:00:00-03:00,2024-12-17 19:00:00-03:00,0 days 21:00:00,-0.20752162949999997,-0.028281448009125437,0.011006594999999997,0.012519034499999998,0.023525629499999996,stop_loss,True,False
158,23823.51,23357.68,0.0003,2024-12-18 09:00:00-03:00,2024-12-18 17:00:00-03:00,0 days 08:00:00,-0.16273236149999887,-0.02276915555264511,0.010720579499999997,0.012262782,0.022983361499999997,stop_loss,True,False
159,23146.93,22493.27,0.0003,2024-12-19 09:00:00-03:00,2024-12-19 11:00:00-03:00,0 days 02:00:00,-0.2183230852500004,-0.03144017878396839,0.0104161185,0.011808966749999998,0.02222508525,stop_loss,True,False
160,20665.72,21279.03,0.0003,2024-12-20 12:00:00-03:00,2024-12-20 16:00:00-03:00,0 days 04:00:00,0.1635219352499994,0.026375713863344613,0.009299574,0.011171490749999999,0.020471064749999997,take_profit,False,True
161,21329.02,20960.04,0.0003,2024-12-20 19:00:00-03:00,2024-12-21 09:00:00-03:00,0 days 14:00:00,-0.13129608000000026,-0.020519161217908786,0.009598058999999999,0.011004021,0.02060208,stop_loss,True,False
162,20765.9,20174.41,0.0003,2024-12-22 09:00:00-03:00,2024-12-22 11:00:00-03:00,0 days 02:00:00,-0.19738322025000118,-0.031683869589086144,0.009344655,0.010591565249999999,0.019936220249999997,stop_loss,True,False
163,20638.82,21219.33,0.0003,2024-12-23 07:00:00-03:00,2024-12-23 17:00:00-03:00,0 days 10:00:00,0.15372538275000047,0.02482787012532701,0.009287469,0.01114014825,0.020427617250000002,take_profit,False,True
164,21329.86,21913.78,0.0003,2024-12-23 18:00:00-03:00,2024-12-25 07:00:00-03:00,1 days 13:00:00,0.15407282849999968,0.02407779961987556,0.009598437,0.011504734499999999,0.021103171499999997,take_profit,False,True
165,21681.57,21042.94,0.0003,2024-12-25 08:00:00-03:00,2024-12-26 05:00:00-03:00,0 days 21:00:00,-0.2123932500000006,-0.03265342408321916,0.0097567065,0.0110475435,0.02080425,stop_loss,True,False
166,20684.83,21297.49,0.0003,2024-12-27 04:00:00-03:00,2024-12-27 06:00:00-03:00,0 days 02:00:00,0.16330864425000072,0.02631697468627987,0.0093081735,0.011181182250000001,0.02048935575,take_profit,False,True
167,21152.82,20693.68,0.0003,2024-12-27 07:00:00-03:00,2024-12-27 12:00:00-03:00,0 days 05:00:00,-0.1581249509999991,-0.024917867688563373,0.009518768999999998,0.010864182,0.020382950999999996,stop_loss,True,False
168,20949.06,21104.67,0.0003,2024-12-28 08:00:00-03:00,2024-12-29 21:00:00-03:00,1 days 13:00:00,0.026175971249998715,0.004165019218045856,0.009427076999999999,0.011079951749999997,0.020507028749999996,technical_signal,False,True
169,21326.82,20657.96,0.0003,2024-12-29 22:00:00-03:00,2024-12-30 10:00:00-03:00,0 days 12:00:00,-0.22110049799999953,-0.03455750365033317,0.009597069,0.010845428999999998,0.020442497999999996,stop_loss,True,False
170,21127.86,20803.92,0.0003,2024-12-31 07:00:00-03:00,2024-12-31 19:00:00-03:00,0 days 12:00:00,-0.11761159500000122,-0.018555530470194526,0.009507537,0.010922057999999998,0.020429595,stop_loss,True,False
171,20848.25,21479.08,0.0003,2025-01-01 11:00:00-03:00,2025-01-02 06:00:00-03:00,0 days 19:00:00,0.16859077050000046,0.026955223340088572,0.0093817125,0.011276517,0.0206582295,take_profit,False,True
172,21491.58,22044.13,0.0003,2025-01-02 07:00:00-03:00,2025-01-03 12:00:00-03:00,1 days 05:00:00,0.14452062075000038,0.022415076160059024,0.009671210999999999,0.01157316825,0.02124437925,take_profit,False,True
173,22182.65,22428.71,0.0003,2025-01-03 13:00:00-03:00,2025-01-05 08:00:00-03:00,1 days 19:00:00,0.05206073474999938,0.007823041092926135,0.0099821925,0.011775072749999999,0.021757265249999998,technical_signal,False,True
174,22542.33,22131.69,0.0003,2025-01-05 12:00:00-03:00,2025-01-07 10:00:00-03:00,1 days 22:00:00,-0.14495518575000071,-0.021434516862276546,0.010144048499999999,0.011619137249999998,0.021763185749999997,stop_loss,True,False
175,20615.33,20073.13,0.0003,2025-01-08 08:00:00-03:00,2025-01-08 14:00:00-03:00,0 days 06:00:00,-0.18247529175000074,-0.029504789518285782,0.009276898500000002,0.01053839325,0.019815291750000002,stop_loss,True,False
176,20195.81,19770.95,0.0003,2025-01-08 15:00:00-03:00,2025-01-09 10:00:00-03:00,0 days 19:00:00,-0.14692586324999998,-0.0242502220757672,0.009088114500000001,0.010379748749999999,0.019467863250000002,stop_loss,True,False
177,19906.35,20014.31,0.0003,2025-01-10 10:00:00-03:00,2025-01-11 07:00:00-03:00,0 days 21:00:00,0.012922629750000693,0.0021639041059763504,0.008957857499999998,0.01050751275,0.019465370249999996,technical_signal,False,True
178,20128.26,19804.11,0.0003,2025-01-11 08:00:00-03:00,2025-01-12 19:00:00-03:00,1 days 11:00:00,-0.11669987474999907,-0.019326041222639066,0.009057716999999998,0.01039715775,0.019454874749999997,stop_loss,True,False
179,20246.46,19905.29,0.0003,2025-01-12 21:00:00-03:00,2025-01-13 00:00:00-03:00,0 days 03:00:00,-0.12191218425,-0.020071358029996357,0.009110906999999998,0.010450277249999999,0.019561184249999995,stop_loss,True,False
180,19705.12,19369.63,0.0003,2025-01-14 07:00:00-03:00,2025-01-14 13:00:00-03:00,0 days 06:00:00,-0.11968335974999908,-0.020245729663153383,0.008867304,0.01016905575,0.01903635975,stop_loss,True,False
181,19500.0,20139.55,0.0003,2025-01-14 14:00:00-03:00,2025-01-15 11:00:00-03:00,0 days 21:00:00,0.17251673625000039,0.029490040384615453,0.008775,0.010573263749999999,0.019348263749999997,take_profit,False,True
182,20163.21,20708.35,0.0003,2025-01-15 12:00:00-03:00,2025-01-15 16:00:00-03:00,0 days 04:00:00,0.1435966717499995,0.023739056058038294,0.0090734445,0.010871883749999998,0.019945328249999998,take_profit,False,True
183,20701.57,20390.83,0.0003,2025-01-15 17:00:00-03:00,2025-01-15 22:00:00-03:00,0 days 05:00:00,-0.11324289224999903,-0.01823418743119468,0.0093157065,0.01070518575,0.02002089225,stop_loss,True,False
184,20228.94,19781.66,0.0003,2025-01-16 00:00:00-03:00,2025-01-16 11:00:00-03:00,0 days 11:00:00,-0.15367239449999937,-0.025322202498005233,0.009103022999999998,0.0103853715,0.0194883945,stop_loss,True,False
185,20254.33,20789.24,0.0003,2025-01-16 23:00:00-03:00,2025-01-17 16:00:00-03:00,0 days 17:00:00,0.14044420050000025,0.02311344463134554,0.009114448499999999,0.010914351000000001,0.0200287995,take_profit,False,True
186,21247.66,20609.12,0.0003,2025-01-17 17:00:00-03:00,2025-01-18 00:00:00-03:00,0 days 07:00:00,-0.21194323500000029,-0.0332496590212758,0.009561446999999999,0.010819787999999999,0.020381234999999998,stop_loss,True,False
187,20503.44,20060.42,0.0003,2025-01-18 23:00:00-03:00,2025-01-19 01:00:00-03:00,0 days 02:00:00,-0.1526642685000006,-0.024819293494164982,0.009226547999999998,0.010531720499999998,0.019758268499999995,stop_loss,True,False
188,20176.5,19709.94,0.0003,2025-01-19 02:00:00-03:00,2025-01-19 05:00:00-03:00,0 days 03:00:00,-0.15939514349999992,-0.026333464426436685,0.009079424999999999,0.010347718499999999,0.019427143499999997,stop_loss,True,False
189,20695.19,19835.11,0.0003,2025-01-19 11:00:00-03:00,2025-01-19 18:00:00-03:00,0 days 07:00:00,-0.277750268249999,-0.044736686519910994,0.009312835499999998,0.01041343275,0.019726268249999998,stop_loss,True,False
190,20048.21,19724.19,0.0003,2025-01-19 19:00:00-03:00,2025-01-19 20:00:00-03:00,0 days 01:00:00,-0.11658289425000011,-0.019383757826758618,0.0090216945,0.010355199749999999,0.01937689425,stop_loss,True,False
191,20790.0,20431.67,0.0003,2025-01-20 03:00:00-03:00,2025-01-20 07:00:00-03:00,0 days 04:00:00,-0.12758112675000102,-0.020455527777777944,0.0093555,0.010726626749999999,0.02008212675,stop_loss,True,False
192,20561.66,20140.12,0.0003,2025-01-20 08:00:00-03:00,2025-01-20 09:00:00-03:00,0 days 01:00:00,-0.14628831000000042,-0.023715385820016546,0.009252746999999999,0.010573563,0.01982631,stop_loss,True,False
193,20303.95,19988.02,0.0003,2025-01-20 10:00:00-03:00,2025-01-20 14:00:00-03:00,0 days 04:00:00,-0.11440948799999953,-0.018782796450936813,0.0091367775,0.0104937105,0.019630488,stop_loss,True,False
194,20086.28,19745.41,0.0003,2025-01-21 10:00:00-03:00,2025-01-22 10:00:00-03:00,1 days 00:00:00,-0.12166616624999954,-0.020190592160419876,0.009038825999999998,0.010366340249999998,0.019405166249999994,stop_loss,True,False
195,19235.58,19726.54,0.0003,2025-01-23 08:00:00-03:00,2025-01-23 19:00:00-03:00,0 days 11:00:00,0.1282755555000004,0.022228868846169512,0.008656011,0.010356433500000001,0.019012444500000003,take_profit,False,True
196,19835.28,19474.5,0.0003,2025-01-23 20:00:00-03:00,2025-01-23 21:00:00-03:00,0 days 01:00:00,-0.12738398849999993,-0.021406972576137058,0.008925876,0.0102241125,0.0191499885,stop_loss,True,False
197,19555.52,20224.84,0.0003,2025-01-23 22:00:00-03:00,2025-01-24 02:00:00-03:00,0 days 04:00:00,0.18137797499999966,0.030916756496375392,0.008799984,0.010618040999999998,0.019418025,take_profit,False,True
198,20023.79,19717.54,0.0003,2025-01-24 03:00:00-03:00,2025-01-24 17:00:00-03:00,0 days 14:00:00,-0.11123741400000081,-0.018517542383335157,0.0090107055,0.0103517085,0.019362414,stop_loss,True,False
199,19720.11,19391.77,0.0003,2025-01-24 18:00:00-03:00,2025-01-24 21:00:00-03:00,0 days 03:00:00,-0.11755672875000019,-0.019870871029624107,0.008874049499999998,0.01018067925,0.01905472875,stop_loss,True,False
200,19794.3,19263.72,0.0003,2025-01-25 12:00:00-03:00,2025-01-26 20:00:00-03:00,1 days 08:00:00,-0.17819488799999902,-0.030007777996695857,0.008907435,0.010113453,0.019020888,stop_loss,True,False
201,18657.72,18309.88,0.0003,2025-01-27 12:00:00-03:00,2025-01-27 13:00:00-03:00,0 days 01:00:00,-0.12236066100000018,-0.021860595506846527,0.008395974,0.009612686999999998,0.018008661,stop_loss,True,False
202,18736.25,18205.14,0.0003,2025-01-27 18:00:00-03:00,2025-01-28 17:00:00-03:00,0 days 23:00:00,-0.17732201100000028,-0.031547047568216746,0.0084313125,0.0095576985,0.017989011,stop_loss,True,False
203,18274.76,18936.32,0.0003,2025-01-29 09:00:00-03:00,2025-01-30 09:00:00-03:00,1 days 00:00:00,0.18030279000000063,0.03288739770043504,0.008223642,0.009941568,0.01816521,take_profit,False,True
204,19234.04,18895.02,0.0003,2025-01-30 10:00:00-03:00,2025-01-31 00:00:00-03:00,0 days 14:00:00,-0.12028120349999963,-0.020845196588964086,0.008655318,0.0099198855,0.018575203499999998,stop_loss,True,False
205,19019.84,19592.69,0.0003,2025-01-31 02:00:00-03:00,2025-01-31 08:00:00-03:00,0 days 06:00:00,0.1530099097499991,0.026815842430850993,0.008558928,0.010286162249999998,0.018845090249999998,take_profit,False,True
206,19687.98,19276.07,0.0003,2025-01-31 09:00:00-03:00,2025-01-31 19:00:00-03:00,0 days 10:00:00,-0.14255252775000016,-0.024135289272947277,0.008859591,0.010119936749999999,0.01897952775,stop_loss,True,False
207,19312.54,19011.48,0.0003,2025-01-31 20:00:00-03:00,2025-02-01 07:00:00-03:00,0 days 11:00:00,-0.10898967000000104,-0.01881155456506516,0.008690643,0.009981027,0.01867167,stop_loss,True,False
208,18208.08,17764.26,0.0003,2025-02-02 11:00:00-03:00,2025-02-02 13:00:00-03:00,0 days 02:00:00,-0.15066587250000152,-0.027582236842105538,0.008193636,0.009326236499999998,0.0175198725,stop_loss,True,False
209,15563.55,16009.0,0.0003,2025-02-03 11:00:00-03:00,2025-02-03 15:00:00-03:00,0 days 04:00:00,0.11822667749999984,0.025321274709176216,0.0070035975,0.008404725,0.0154083225,take_profit,False,True
210,16765.93,16315.62,0.0003,2025-02-03 20:00:00-03:00,2025-02-03 23:00:00-03:00,0 days 03:00:00,-0.15120336899999962,-0.030061632727799697,0.0075446685,0.0085657005,0.016110369,stop_loss,True,False
211,16330.6,15677.7,0.0003,2025-02-04 00:00:00-03:00,2025-02-04 02:00:00-03:00,0 days 02:00:00,-0.21144956249999936,-0.043160194665229565,0.007348769999999999,0.0082307925,0.0155795625,stop_loss,True,False
212,15899.95,16357.94,0.0003,2025-02-04 03:00:00-03:00,2025-02-04 09:00:00-03:00,0 days 06:00:00,0.12165410400000004,0.02550408523297244,0.0071549775,0.0085879185,0.015742896,take_profit,False,True
213,16322.53,16067.53,0.0003,2025-02-04 10:00:00-03:00,2025-02-04 12:00:00-03:00,0 days 02:00:00,-0.09228059174999907,-0.018845238605779677,0.007345138499999999,0.00843545325,0.01578059175,stop_loss,True,False
214,16147.59,15795.6,0.0003,2025-02-04 13:00:00-03:00,2025-02-04 17:00:00-03:00,0 days 04:00:00,-0.1211561055000006,-0.02501015228897947,0.0072664155,0.008292689999999998,0.015559105499999998,stop_loss,True,False
215,16012.89,16448.0,0.0003,2025-02-05 06:00:00-03:00,2025-02-06 01:00:00-03:00,0 days 19:00:00,0.11469199950000017,0.023874932320149617,0.0072058005,0.008635199999999999,0.0158410005,take_profit,False,True
216,16509.41,16142.74,0.0003,2025-02-06 02:00:00-03:00,2025-02-06 09:00:00-03:00,0 days 07:00:00,-0.12590517300000048,-0.025420890873750282,0.0074292345,0.008474938499999998,0.015904172999999997,stop_loss,True,False
217,16203.02,15916.44,0.0003,2025-02-06 10:00:00-03:00,2025-02-06 11:00:00-03:00,0 days 01:00:00,-0.10162149000000043,-0.0209058743370064,0.007291359,0.008356131,0.01564749,stop_loss,True,False
218,15991.16,15725.07,0.0003,2025-02-07 08:00:00-03:00,2025-02-07 12:00:00-03:00,0 days 04:00:00,-0.09527868374999968,-0.01986069881734652,0.007196022,0.00825566175,0.01545168375,stop_loss,True,False
219,15633.36,15084.56,0.0003,2025-02-07 13:00:00-03:00,2025-02-07 17:00:00-03:00,0 days 04:00:00,-0.17959440600000032,-0.03829298500130497,0.007035012,0.007919394,0.014954406,stop_loss,True,False
220,15327.73,15384.88,0.0003,2025-02-08 11:00:00-03:00,2025-02-09 16:00:00-03:00,1 days 05:00:00,0.002170459500000277,0.00047201151116316143,0.006897478499999998,0.008077062,0.014974540499999998,technical_signal,False,True
221,15415.19,15096.1,0.0003,2025-02-10 07:00:00-03:00,2025-02-11 15:00:00-03:00,1 days 08:00:00,-0.11058928799999955,-0.02391348792976269,0.0069368354999999994,0.0079254525,0.014862287999999998,stop_loss,True,False
222,15001.08,15420.22,0.0003,2025-02-12 10:00:00-03:00,2025-02-12 14:00:00-03:00,0 days 04:00:00,0.11089589849999953,0.024641758793366775,0.006750486,0.0080956155,0.0148461015,take_profit,False,True
223,15384.18,15822.25,0.0003,2025-02-12 15:00:00-03:00,2025-02-12 19:00:00-03:00,0 days 04:00:00,0.11619143775000079,0.025175523979828803,0.006922880999999999,0.00830668125,0.015229562249999998,take_profit,False,True
224,15782.78,15513.27,0.0003,2025-02-12 20:00:00-03:00,2025-02-13 03:00:00-03:00,0 days 07:00:00,-0.09609971775000042,-0.020296322479309816,0.007102251,0.008144466749999999,0.01524671775,stop_loss,True,False
225,15481.09,15174.63,0.0003,2025-02-13 04:00:00-03:00,2025-02-13 13:00:00-03:00,0 days 09:00:00,-0.10687117124999992,-0.02301112114844625,0.0069664905,0.00796668075,0.01493317125,stop_loss,True,False
226,15485.81,15877.69,0.0003,2025-02-13 22:00:00-03:00,2025-02-14 14:00:00-03:00,0 days 16:00:00,0.10225959824999972,0.022011462590590943,0.0069686144999999994,0.008335787249999999,0.015304401749999998,take_profit,False,True
227,15784.22,15488.1,0.0003,2025-02-14 15:00:00-03:00,2025-02-14 21:00:00-03:00,0 days 06:00:00,-0.10407015149999982,-0.02197767802273406,0.007102898999999999,0.0081312525,0.0152341515,stop_loss,True,False
228,15575.38,15329.45,0.0003,2025-02-14 22:00:00-03:00,2025-02-16 17:00:00-03:00,1 days 19:00:00,-0.08883588224999911,-0.019012031006626937,0.0070089209999999996,0.00804796125,0.015056882249999999,stop_loss,True,False
229,15690.59,16203.27,0.0003,2025-02-17 06:00:00-03:00,2025-02-17 11:00:00-03:00,0 days 05:00:00,0.13823651774999968,0.029367180743362673,0.0070607655,0.008506716749999999,0.015567482249999999,take_profit,False,True
230,15841.47,15512.64,0.0003,2025-02-17 12:00:00-03:00,2025-02-17 15:00:00-03:00,0 days 03:00:00,-0.11392179750000028,-0.02397121763321213,0.007128661499999999,0.008144136,0.0152727975,stop_loss,True,False
231,15609.0,15338.94,0.0003,2025-02-17 16:00:00-03:00,2025-02-18 03:00:00-03:00,0 days 11:00:00,-0.09609499350000034,-0.020521279069767515,0.0070240499999999996,0.0080529435,0.0150769935,stop_loss,True,False
232,15365.08,15751.64,0.0003,2025-02-19 11:00:00-03:00,2025-02-21 02:00:00-03:00,1 days 15:00:00,0.1007841029999994,0.021864318962218098,0.006914285999999999,0.008269611,0.015183896999999998,take_profit,False,True
233,15748.9,16216.27,0.0003,2025-02-21 04:00:00-03:00,2025-02-21 10:00:00-03:00,0 days 06:00:00,0.12461045324999968,0.026374424721726533,0.007087004999999999,0.008513541749999999,0.015600546749999998,take_profit,False,True
234,16040.43,15543.53,0.0003,2025-02-21 11:00:00-03:00,2025-02-21 12:00:00-03:00,0 days 01:00:00,-0.16444854675000012,-0.034173761083711625,0.0072181935,0.008160353249999999,0.01537854675,stop_loss,True,False
235,15634.55,15277.38,0.0003,2025-02-21 13:00:00-03:00,2025-02-21 14:00:00-03:00,0 days 01:00:00,-0.1222071720000003,-0.026054938581539032,0.007035547499999999,0.0080206245,0.015056172,stop_loss,True,False
236,15716.0,16252.71,0.0003,2025-02-22 07:00:00-03:00,2025-02-23 04:00:00-03:00,0 days 21:00:00,0.14540812724999927,0.03084078375540835,0.0070722,0.008532672749999998,0.015604872749999998,take_profit,False,True
237,16140.74,15653.2,0.0003,2025-02-23 05:00:00-03:00,2025-02-24 00:00:00-03:00,0 days 19:00:00,-0.16174326299999994,-0.03340269467199149,0.0072633329999999986,0.00821793,0.015481262999999999,stop_loss,True,False
238,13922.0,14414.82,0.0003,2025-02-25 12:00:00-03:00,2025-02-25 17:00:00-03:00,0 days 05:00:00,0.13401331949999987,0.03208670198247375,0.0062649,0.0075677804999999985,0.0138326805,take_profit,False,True
239,14424.91,14028.21,0.0003,2025-02-26 03:00:00-03:00,2025-02-26 09:00:00-03:00,0 days 06:00:00,-0.13286601975000065,-0.030702911317991046,0.006491209499999999,0.007364810249999998,0.013856019749999997,stop_loss,True,False
240,13658.67,13422.58,0.0003,2025-02-27 10:00:00-03:00,2025-02-27 13:00:00-03:00,0 days 03:00:00,-0.08402025600000083,-0.020504743141169877,0.006146401500000001,0.007046854499999999,0.013193256,stop_loss,True,False
241,13574.14,13196.96,0.0003,2025-02-27 14:00:00-03:00,2025-02-27 17:00:00-03:00,0 days 03:00:00,-0.1261907669999997,-0.030988032391002236,0.006108362999999999,0.006928403999999999,0.013036766999999998,stop_loss,True,False
242,13103.53,13189.4,0.0003,2025-02-28 12:00:00-03:00,2025-02-28 15:00:00-03:00,0 days 03:00:00,0.012939976499999528,0.003291727877907589,0.005896588499999999,0.006924435,0.012821023499999999,technical_signal,False,True
243,13146.61,12796.29,0.0003,2025-02-28 19:00:00-03:00,2025-03-01 10:00:00-03:00,0 days 15:00:00,-0.11773002675000019,-0.02985054112809315,0.0059159745,0.006718052249999999,0.01263402675,stop_loss,True,False
244,13202.37,14473.6,0.0003,2025-03-01 18:00:00-03:00,2025-03-02 13:00:00-03:00,0 days 19:00:00,0.3678292935,0.09286951092871962,0.0059410665,0.00759864,0.0135397065,take_profit,False,True
245,14689.03,14455.76,0.0003,2025-03-02 14:00:00-03:00,2025-03-02 23:00:00-03:00,0 days 09:00:00,-0.08418033750000016,-0.019102767507452875,0.0066100635,0.007589274,0.014199337499999999,stop_loss,True,False
246,14032.72,13472.73,0.0003,2025-03-03 03:00:00-03:00,2025-03-03 11:00:00-03:00,0 days 08:00:00,-0.1813849072499999,-0.04308618411113453,0.006314723999999999,0.007073183249999999,0.013387907249999997,stop_loss,True,False
247,12510.2,12262.68,0.0003,2025-03-04 09:00:00-03:00,2025-03-04 10:00:00-03:00,0 days 01:00:00,-0.08632349700000012,-0.02300083052229384,0.00562959,0.006437907,0.012067497,stop_loss,True,False
248,12347.0,12730.0,0.0003,2025-03-04 11:00:00-03:00,2025-03-04 15:00:00-03:00,0 days 04:00:00,0.10266059999999998,0.02771539645257957,0.005556149999999999,0.006683249999999999,0.012239399999999998,take_profit,False,True
249,12829.97,13170.0,0.0003,2025-03-04 18:00:00-03:00,2025-03-05 07:00:00-03:00,0 days 13:00:00,0.08932126350000034,0.02320641006954819,0.005773486499999999,0.006914249999999999,0.012687736499999998,take_profit,False,True
250,13041.0,12807.97,0.0003,2025-03-05 08:00:00-03:00,2025-03-05 11:00:00-03:00,0 days 03:00:00,-0.08250163424999987,-0.02108775764895327,0.005868449999999999,0.006724184249999999,0.012592634249999998,stop_loss,True,False
251,12900.32,13229.7,0.0003,2025-03-05 12:00:00-03:00,2025-03-05 23:00:00-03:00,0 days 11:00:00,0.0860632634999998,0.022238017739094795,0.005805144,0.0069455925,0.0127507365,take_profit,False,True
252,13237.99,12947.51,0.0003,2025-03-06 00:00:00-03:00,2025-03-06 10:00:00-03:00,0 days 10:00:00,-0.09989853824999982,-0.0251545081617375,0.0059570955,0.0067974427499999995,0.01275453825,stop_loss,True,False
253,12850.54,12321.31,0.0003,2025-03-06 11:00:00-03:00,2025-03-06 21:00:00-03:00,0 days 10:00:00,-0.17102043075000037,-0.04436141224415482,0.005782743,0.0064686877499999995,0.01225143075,stop_loss,True,False
254,12629.81,12886.27,0.0003,2025-03-07 09:00:00-03:00,2025-03-07 11:00:00-03:00,0 days 02:00:00,0.06448929375000033,0.017020391636928908,0.0056834145,0.006765291749999999,0.01244870625,technical_signal,False,True
255,12533.74,12847.8,0.0003,2025-03-07 13:00:00-03:00,2025-03-08 14:00:00-03:00,1 days 01:00:00,0.08183272200000027,0.021763315658374992,0.005640182999999999,0.0067450949999999996,0.012385278,take_profit,False,True
256,12904.69,12709.17,0.0003,2025-03-08 15:00:00-03:00,2025-03-09 05:00:00-03:00,0 days 14:00:00,-0.07113542474999986,-0.01837456633983455,0.0058071105,0.006672314249999999,0.012479424749999999,stop_loss,True,False
257,12280.6,11719.17,0.0003,2025-03-10 06:00:00-03:00,2025-03-10 11:00:00-03:00,0 days 05:00:00,-0.18010783424999993,-0.048886817215771206,0.00552627,0.00615256425,0.011678834249999999,stop_loss,True,False
258,11131.2,10940.57,0.0003,2025-03-11 10:00:00-03:00,2025-03-11 11:00:00-03:00,0 days 01:00:00,-0.0679418392500004,-0.020345766628935006,0.00500904,0.005743799249999999,0.01075283925,stop_loss,True,False
259,11202.6,10900.0,0.0003,2025-03-11 13:00:00-03:00,2025-03-12 00:00:00-03:00,0 days 11:00:00,-0.10154367000000016,-0.030214316319425897,0.005041169999999999,0.005722499999999999,0.01076367,stop_loss,True,False
260,11058.0,10860.15,0.0003,2025-03-12 06:00:00-03:00,2025-03-12 11:00:00-03:00,0 days 05:00:00,-0.07003267875000015,-0.021110712832338625,0.0049761,0.00570157875,0.010677678749999999,stop_loss,True,False
261,11036.71,10778.07,0.0003,2025-03-13 06:00:00-03:00,2025-03-13 13:00:00-03:00,0 days 07:00:00,-0.08821700624999991,-0.02664350947882111,0.0049665195,0.005658486749999999,0.01062500625,stop_loss,True,False
262,11003.89,11143.05,0.0003,2025-03-14 00:00:00-03:00,2025-03-16 04:00:00-03:00,2 days 04:00:00,0.030946148250000048,0.00937430558647898,0.004951750499999999,0.00585010125,0.010801851749999999,technical_signal,False,True
263,11013.13,10841.59,0.0003,2025-03-16 21:00:00-03:00,2025-03-18 03:00:00-03:00,1 days 06:00:00,-0.062109743249999357,-0.018798695511630017,0.004955908499999999,0.005691834749999999,0.010647743249999998,stop_loss,True,False
264,11008.27,11550.64,0.0003,2025-03-18 20:00:00-03:00,2025-03-19 08:00:00-03:00,0 days 12:00:00,0.15169319249999996,0.04593310075061748,0.0049537215,0.006064086,0.0110178075,take_profit,False,True
265,11432.78,11243.9,0.0003,2025-03-19 09:00:00-03:00,2025-03-20 07:00:00-03:00,0 days 22:00:00,-0.06771179850000042,-0.019742004569317472,0.005144751,0.0059030474999999995,0.0110477985,stop_loss,True,False
266,11321.22,11630.51,0.0003,2025-03-21 15:00:00-03:00,2025-03-23 10:00:00-03:00,1 days 19:00:00,0.08158643325000031,0.02402168472125805,0.005094548999999999,0.00610601775,0.011200566749999998,take_profit,False,True
267,11566.76,11365.47,0.0003,2025-03-23 11:00:00-03:00,2025-03-23 22:00:00-03:00,0 days 11:00:00,-0.07155891375000006,-0.020621998943524397,0.005205041999999999,0.00596687175,0.011171913749999998,stop_loss,True,False
268,11709.72,12016.88,0.0003,2025-03-24 01:00:00-03:00,2025-03-24 06:00:00-03:00,0 days 05:00:00,0.08056976399999988,0.02293529478074622,0.005269373999999999,0.006308862,0.011578235999999999,take_profit,False,True
269,12012.28,11786.16,0.0003,2025-03-24 07:00:00-03:00,2025-03-25 00:00:00-03:00,0 days 17:00:00,-0.07942926000000028,-0.022041127912436353,0.005405526,0.006187734,0.011593260000000001,stop_loss,True,False
270,11647.24,11173.06,0.0003,2025-03-27 09:00:00-03:00,2025-03-28 01:00:00-03:00,0 days 16:00:00,-0.15336111450000015,-0.04389054531373961,0.0052412579999999995,0.0058658565,0.0111071145,stop_loss,True,False
271,10905.51,10716.32,0.0003,2025-03-28 18:00:00-03:00,2025-03-29 08:00:00-03:00,0 days 14:00:00,-0.06729054750000038,-0.0205677519895907,0.0049074795,0.005626068,0.0105335475,stop_loss,True,False
272,10605.3,10428.53,0.0003,2025-03-29 21:00:00-03:00,2025-03-30 13:00:00-03:00,0 days 16:00:00,-0.06327836324999948,-0.019888911911968385,0.004772384999999999,0.00547497825,0.010247363249999999,stop_loss,True,False
273,10594.48,10944.88,0.0003,2025-03-31 09:00:00-03:00,2025-04-01 12:00:00-03:00,1 days 03:00:00,0.09460642199999983,0.029765947927599984,0.004767515999999999,0.005746061999999999,0.010513577999999999,take_profit,False,True
274,10932.07,10762.43,0.0003,2025-04-01 13:00:00-03:00,2025-04-01 21:00:00-03:00,0 days 08:00:00,-0.061461707249999595,-0.01874049082195766,0.0049194315,0.00565027575,0.010569707250000001,stop_loss,True,False
275,10781.05,10564.8,0.0003,2025-04-01 22:00:00-03:00,2025-04-02 02:00:00-03:00,0 days 04:00:00,-0.07527299250000001,-0.023273241010847743,0.0048514725,0.005546519999999999,0.010397992499999998,stop_loss,True,False
276,10852.84,10665.49,0.0003,2025-04-02 12:00:00-03:00,2025-04-02 17:00:00-03:00,0 days 05:00:00,-0.06668816025000007,-0.020482552723526767,0.004883778,0.00559938225,0.01048316025,stop_loss,True,False
277,10630.04,10253.58,0.0003,2025-04-02 18:00:00-03:00,2025-04-02 19:00:00-03:00,0 days 01:00:00,-0.1231046475000004,-0.03860275455219372,0.0047835180000000005,0.0053831295,0.0101666475,stop_loss,True,False
278,10346.98,10080.6,0.0003,2025-04-04 05:00:00-03:00,2025-04-04 07:00:00-03:00,0 days 02:00:00,-0.08986245599999976,-0.028949656808073394,0.004656140999999999,0.0052923150000000006,0.009948456,stop_loss,True,False
279,10280.0,10595.07,0.0003,2025-04-04 09:00:00-03:00,2025-04-04 14:00:00-03:00,0 days 05:00:00,0.08433258824999969,0.02734519722762636,0.004625999999999999,0.005562411749999999,0.010188411749999998,take_profit,False,True
280,10565.63,10296.1,0.0003,2025-04-04 15:00:00-03:00,2025-04-06 10:00:00-03:00,1 days 19:00:00,-0.0910189859999996,-0.028715431072259646,0.004754533499999999,0.0054054524999999996,0.010159986,stop_loss,True,False
281,8940.37,9166.79,0.0003,2025-04-07 09:00:00-03:00,2025-04-07 10:00:00-03:00,0 days 01:00:00,0.059090268750000015,0.02203125401968823,0.0040231665,0.00481256475,0.00883573125,take_profit,False,True
282,9269.0,9075.39,0.0003,2025-04-07 11:00:00-03:00,2025-04-07 13:00:00-03:00,0 days 02:00:00,-0.06701862975000054,-0.024101352087604038,0.00417105,0.004764579749999999,0.00893562975,stop_loss,True,False
283,9253.35,9293.38,0.0003,2025-04-07 14:00:00-03:00,2025-04-07 17:00:00-03:00,0 days 03:00:00,0.0029659679999993853,0.001068430352250585,0.0041640075000000006,0.004879024499999999,0.009043032,technical_signal,False,True
284,9460.05,9308.23,0.0003,2025-04-07 23:00:00-03:00,2025-04-08 04:00:00-03:00,0 days 05:00:00,-0.05468984324999977,-0.019270456022959633,0.0042570225,0.00488682075,0.009143843249999999,stop_loss,True,False
285,9271.72,9118.7,0.0003,2025-04-08 05:00:00-03:00,2025-04-08 11:00:00-03:00,0 days 06:00:00,-0.0548655914999995,-0.019725067732847667,0.004172273999999999,0.0047873175,0.008959591499999999,stop_loss,True,False
286,8902.69,9624.94,0.0003,2025-04-09 09:00:00-03:00,2025-04-09 14:00:00-03:00,0 days 05:00:00,0.20761569600000002,0.07773519239690477,0.004006210499999999,0.0050530934999999996,0.009059303999999999,take_profit,False,True
287,9558.25,9327.3,0.0003,2025-04-09 15:00:00-03:00,2025-04-10 04:00:00-03:00,0 days 13:00:00,-0.07848304500000032,-0.027370088666858586,0.0043012125,0.004896832499999999,0.009198044999999998,stop_loss,True,False
288,9299.7,8908.63,0.0003,2025-04-10 05:00:00-03:00,2025-04-10 12:00:00-03:00,0 days 07:00:00,-0.12618289575000038,-0.0452283033323657,0.004184865,0.004677030749999999,0.00886189575,stop_loss,True,False
289,9204.61,9498.58,0.0003,2025-04-11 07:00:00-03:00,2025-04-12 09:00:00-03:00,1 days 02:00:00,0.07906217099999972,0.028631367325720383,0.0041420745000000005,0.004986754499999999,0.009128829,take_profit,False,True
290,9686.56,9519.5,0.0003,2025-04-12 10:00:00-03:00,2025-04-12 22:00:00-03:00,0 days 12:00:00,-0.05947468949999998,-0.020466395190862387,0.004358951999999999,0.004997737499999999,0.009356689499999998,stop_loss,True,False
291,9596.18,9450.89,0.0003,2025-04-12 23:00:00-03:00,2025-04-13 08:00:00-03:00,0 days 09:00:00,-0.05286699825000054,-0.018363903918017566,0.004318281,0.004961717249999999,0.00927999825,stop_loss,True,False
292,9515.06,9886.64,0.0003,2025-04-13 22:00:00-03:00,2025-04-14 07:00:00-03:00,0 days 09:00:00,0.1020017369999998,0.03573343625789006,0.004281777,0.005190485999999999,0.009472262999999998,take_profit,False,True
293,9824.75,9570.88,0.0003,2025-04-14 08:00:00-03:00,2025-04-14 12:00:00-03:00,0 days 04:00:00,-0.08560684950000036,-0.02904462352731634,0.0044211375,0.005024711999999999,0.009445849499999999,stop_loss,True,False
294,9558.57,9593.09,0.0003,2025-04-14 13:00:00-03:00,2025-04-14 23:00:00-03:00,0 days 10:00:00,0.0010182712499996116,0.00035509887985323176,0.0043013565,0.00503637225,0.00933772875,technical_signal,False,True
295,9663.65,9511.8,0.0003,2025-04-15 04:00:00-03:00,2025-04-15 15:00:00-03:00,0 days 11:00:00,-0.05489733749999981,-0.018936025725269374,0.0043486424999999995,0.004993694999999999,0.009342337499999999,stop_loss,True,False
296,9339.96,9101.64,0.0003,2025-04-16 09:00:00-03:00,2025-04-16 14:00:00-03:00,0 days 05:00:00,-0.08047734300000028,-0.02872151593796986,0.004202981999999999,0.004778361,0.008981343,stop_loss,True,False
297,9356.88,9214.12,0.0003,2025-04-16 16:00:00-03:00,2025-04-17 19:00:00-03:00,1 days 03:00:00,-0.05187600899999982,-0.01848052235360499,0.004210596,0.004837413,0.009048009,stop_loss,True,False
298,9302.18,9385.17,0.0003,2025-04-18 11:00:00-03:00,2025-04-20 21:00:00-03:00,2 days 10:00:00,0.01578380474999986,0.0056559518843969404,0.004185981,0.00492721425,0.009113195250000001,technical_signal,False,True
299,9509.77,9277.92,0.0003,2025-04-20 22:00:00-03:00,2025-04-21 13:00:00-03:00,0 days 15:00:00,-0.07870530450000027,-0.027587524724572824,0.0042793965,0.004870907999999999,0.0091503045,stop_loss,True,False
300,9427.49,9468.52,0.0003,2025-04-22 04:00:00-03:00,2025-04-22 05:00:00-03:00,0 days 01:00:00,0.003095656500000302,0.001094549556668955,0.0042423705,0.004970973,0.0092133435,technical_signal,False,True
301,9480.18,9830.07,0.0003,2025-04-22 07:00:00-03:00,2025-04-22 12:00:00-03:00,0 days 05:00:00,0.09554013224999994,0.03359293889989429,0.004266081,0.005160786749999999,0.009426867749999998,take_profit,False,True
302,9731.93,10071.54,0.0003,2025-04-22 13:00:00-03:00,2025-04-22 18:00:00-03:00,0 days 05:00:00,0.09221607300000033,0.03158540084032675,0.0043793684999999995,0.005287558500000001,0.009666927,take_profit,False,True
303,10023.78,10290.0,0.0003,2025-04-22 19:00:00-03:00,2025-04-22 23:00:00-03:00,0 days 04:00:00,0.06995304900000004,0.0232623650958022,0.004510701,0.00540225,0.009912951,take_profit,False,True
304,10296.24,10065.61,0.0003,2025-04-23 00:00:00-03:00,2025-04-24 04:00:00-03:00,1 days 04:00:00,-0.07910675324999977,-0.02561024000023302,0.004633308,0.00528444525,0.009917753250000001,stop_loss,True,False
305,10126.8,10387.46,0.0003,2025-04-25 04:00:00-03:00,2025-04-26 16:00:00-03:00,1 days 12:00:00,0.06818752350000001,0.02244457726033891,0.00455706,0.005453416499999999,0.010010476499999999,take_profit,False,True
306,10355.16,10159.77,0.0003,2025-04-26 17:00:00-03:00,2025-04-27 21:00:00-03:00,1 days 04:00:00,-0.06861070125000009,-0.02208583329470528,0.004659821999999999,0.00533387925,0.009993701249999999,stop_loss,True,False
307,10326.95,10136.4,0.0003,2025-04-28 06:00:00-03:00,2025-04-28 10:00:00-03:00,0 days 04:00:00,-0.06713373750000011,-0.021669430470758585,0.0046471275,0.00532161,0.0099687375,stop_loss,True,False
308,10392.03,10211.24,0.0003,2025-04-29 06:00:00-03:00,2025-04-29 17:00:00-03:00,0 days 11:00:00,-0.06427431450000007,-0.020616541234003388,0.0046764135,0.0053609009999999995,0.010037314499999998,stop_loss,True,False
309,10230.47,10500.13,0.0003,2025-04-30 19:00:00-03:00,2025-05-01 07:00:00-03:00,0 days 12:00:00,0.07078172025000001,0.02306238789615727,0.0046037115,0.005512568249999999,0.010116279749999998,take_profit,False,True
310,10483.02,10311.17,0.0003,2025-05-01 08:00:00-03:00,2025-05-04 20:00:00-03:00,3 days 12:00:00,-0.061685723249999845,-0.019614488716037888,0.004717359,0.00541336425,0.010130723250000001,stop_loss,True,False
311,10404.64,10246.73,0.0003,2025-05-05 19:00:00-03:00,2025-05-06 02:00:00-03:00,0 days 07:00:00,-0.05743462125000051,-0.01840032307701196,0.004682087999999999,0.005379533249999999,0.010061621249999998,stop_loss,True,False
312,10353.93,10630.61,0.0003,2025-05-06 19:00:00-03:00,2025-05-07 23:00:00-03:00,1 days 04:00:00,0.07276366124999999,0.023425456565767777,0.0046592685,0.00558107025,0.010240338750000001,take_profit,False,True
313,10977.46,11273.65,0.0003,2025-05-08 00:00:00-03:00,2025-05-08 07:00:00-03:00,0 days 07:00:00,0.07799847675000005,0.023684433603037514,0.004939856999999999,0.005918666249999999,0.010858523249999998,take_profit,False,True
314,11254.0,11682.77,0.0003,2025-05-08 08:00:00-03:00,2025-05-08 12:00:00-03:00,0 days 04:00:00,0.11743324574999994,0.034782668606717596,0.0050643,0.00613345425,0.01119775425,take_profit,False,True
315,11668.68,12053.13,0.0003,2025-05-08 13:00:00-03:00,2025-05-08 16:00:00-03:00,0 days 03:00:00,0.10375620075000003,0.029639513852466614,0.005250906,0.006327893249999999,0.011578799249999999,take_profit,False,True
316,12400.59,12854.16,0.0003,2025-05-08 17:00:00-03:00,2025-05-09 03:00:00-03:00,0 days 10:00:00,0.12374230049999992,0.03326247662409609,0.0055802655,0.006748433999999999,0.012328699499999998,take_profit,False,True
317,13429.15,13071.85,0.0003,2025-05-09 04:00:00-03:00,2025-05-09 11:00:00-03:00,0 days 07:00:00,-0.12009583875000021,-0.0298097394473962,0.0060431175,0.00686272125,0.01290583875,stop_loss,True,False
318,13035.16,13387.46,0.0003,2025-05-09 12:00:00-03:00,2025-05-10 02:00:00-03:00,0 days 14:00:00,0.09279576150000021,0.023729605543775508,0.005865822,0.007028416499999999,0.012894238499999999,take_profit,False,True
319,13629.12,14015.94,0.0003,2025-05-10 04:00:00-03:00,2025-05-10 13:00:00-03:00,0 days 09:00:00,0.1025545274999996,0.025082208168979266,0.006133104,0.007358368499999999,0.0134914725,take_profit,False,True
320,14029.33,14435.21,0.0003,2025-05-10 14:00:00-03:00,2025-05-10 18:00:00-03:00,0 days 04:00:00,0.10787231624999993,0.02563018957427046,0.0063131985000000005,0.00757848525,0.013891683750000001,take_profit,False,True
321,14686.75,14427.98,0.0003,2025-05-10 19:00:00-03:00,2025-05-10 22:00:00-03:00,0 days 03:00:00,-0.0918147270000004,-0.02083844894207373,0.0066090375,0.007574689499999999,0.014183726999999998,stop_loss,True,False
322,14477.61,14088.3,0.0003,2025-05-10 23:00:00-03:00,2025-05-11 04:00:00-03:00,0 days 05:00:00,-0.1307042820000006,-0.03009342978571753,0.0065149245,0.007396357499999999,0.013911281999999999,stop_loss,True,False
323,14125.2,14481.17,0.0003,2025-05-11 05:00:00-03:00,2025-05-12 04:00:00-03:00,0 days 23:00:00,0.09283204574999977,0.021906957246623,0.00635634,0.00760261425,0.013958954249999999,take_profit,False,True
324,14635.46,14408.21,0.0003,2025-05-12 05:00:00-03:00,2025-05-12 08:00:00-03:00,0 days 03:00:00,-0.08232526725000036,-0.018750183287713624,0.006585957,0.007564310249999999,0.01415026725,stop_loss,True,False
325,14545.77,14290.41,0.0003,2025-05-12 09:00:00-03:00,2025-05-12 11:00:00-03:00,0 days 02:00:00,-0.09065606175000021,-0.020774896928797908,0.0065455965000000005,0.007502465249999999,0.01404806175,stop_loss,True,False
326,14175.46,13901.29,0.0003,2025-05-12 12:00:00-03:00,2025-05-12 15:00:00-03:00,0 days 03:00:00,-0.09592813424999945,-0.022557324242035055,0.006378956999999999,0.00729817725,0.01367713425,stop_loss,True,False
327,14305.71,14684.65,0.0003,2025-05-13 08:00:00-03:00,2025-05-13 14:00:00-03:00,0 days 06:00:00,0.09953498924999955,0.02319236846685684,0.0064375695,0.007709441249999999,0.01414701075,take_profit,False,True
328,14979.74,14589.64,0.0003,2025-05-13 15:00:00-03:00,2025-05-14 05:00:00-03:00,0 days 14:00:00,-0.1314304439999994,-0.02924626729168851,0.006740883,0.0076595610000000005,0.014400444,stop_loss,True,False
329,14647.17,14694.28,0.0003,2025-05-14 06:00:00-03:00,2025-05-14 16:00:00-03:00,0 days 10:00:00,-0.0001727235000000913,-3.930759320744583e-05,0.0065912265,0.007714497000000001,0.0143057235,technical_signal,True,False
330,14888.62,14575.32,0.0003,2025-05-14 21:00:00-03:00,2025-05-14 22:00:00-03:00,0 days 01:00:00,-0.10834192200000002,-0.024256092236889657,0.006699879,0.007652042999999999,0.014351922,stop_loss,True,False
331,14676.47,14358.94,0.0003,2025-05-15 13:00:00-03:00,2025-05-15 15:00:00-03:00,0 days 02:00:00,-0.1094018549999992,-0.02484744969328438,0.006604411499999999,0.0075384435,0.014142855,stop_loss,True,False
332,14454.7,14819.83,0.0003,2025-05-15 17:00:00-03:00,2025-05-16 04:00:00-03:00,0 days 11:00:00,0.09525397425000014,0.021966090441171416,0.006504615,0.007780410749999999,0.01428502575,take_profit,False,True
333,14656.34,14256.55,0.0003,2025-05-16 05:00:00-03:00,2025-05-16 21:00:00-03:00,0 days 16:00:00,-0.13401704175000015,-0.03047987918539011,0.006595353,0.007484688749999999,0.01408004175,stop_loss,True,False
334,14219.57,14603.65,0.0003,2025-05-17 17:00:00-03:00,2025-05-18 11:00:00-03:00,0 days 18:00:00,0.10115827724999973,0.023713393407817474,0.0063988065,0.007666916249999999,0.014065722749999999,take_profit,False,True
335,14708.48,14192.02,0.0003,2025-05-18 12:00:00-03:00,2025-05-18 14:00:00-03:00,0 days 02:00:00,-0.16900762649999954,-0.038301629740122606,0.006618816,0.007450810499999999,0.014069626499999998,stop_loss,True,False
336,14052.7,13749.77,0.0003,2025-05-18 15:00:00-03:00,2025-05-18 16:00:00-03:00,0 days 01:00:00,-0.10442134424999977,-0.024768987276466387,0.006323715000000001,0.007218629250000001,0.013542344250000001,stop_loss,True,False
337,13687.24,14210.66,0.0003,2025-05-19 09:00:00-03:00,2025-05-19 13:00:00-03:00,0 days 04:00:00,0.14340614549999958,0.03492453445691013,0.006159258,0.007460596499999999,0.013619854499999999,take_profit,False,True
338,14285.04,14062.48,0.0003,2025-05-19 16:00:00-03:00,2025-05-20 10:00:00-03:00,0 days 18:00:00,-0.08057907000000102,-0.01880267048604718,0.006428268,0.007382801999999998,0.013811069999999998,stop_loss,True,False
339,14290.43,14667.78,0.0003,2025-05-20 19:00:00-03:00,2025-05-21 02:00:00-03:00,0 days 07:00:00,0.09907372200000045,0.023109573329843928,0.006430693499999999,0.0077005845,0.014131277999999999,take_profit,False,True
340,14686.38,14428.1,0.0003,2025-05-21 03:00:00-03:00,2025-05-21 04:00:00-03:00,0 days 01:00:00,-0.09166762349999928,-0.02080558619618978,0.006608870999999999,0.0075747525,0.014183623499999999,stop_loss,True,False
341,14380.44,14018.03,0.0003,2025-05-21 05:00:00-03:00,2025-05-21 14:00:00-03:00,0 days 09:00:00,-0.12255366374999992,-0.028407490487078264,0.006471198,0.007359465749999999,0.01383066375,stop_loss,True,False
342,14612.09,15032.97,0.0003,2025-05-21 21:00:00-03:00,2025-05-22 05:00:00-03:00,0 days 08:00:00,0.11179625025000009,0.02550313935241299,0.0065754405,0.00789230925,0.01446774975,take_profit,False,True
343,15032.7,15427.79,0.0003,2025-05-22 06:00:00-03:00,2025-05-23 00:00:00-03:00,0 days 18:00:00,0.10366269525000069,0.02298604492207004,0.006764715000000001,0.00809958975,0.014864304750000001,take_profit,False,True
344,15288.3,14609.5,0.0003,2025-05-23 01:00:00-03:00,2025-05-23 08:00:00-03:00,0 days 07:00:00,-0.21818972249999996,-0.04757226604658464,0.006879735,0.007669987499999999,0.014549722499999999,stop_loss,True,False
345,14562.28,14156.6,0.0003,2025-05-24 13:00:00-03:00,2025-05-24 21:00:00-03:00,0 days 08:00:00,-0.13568924099999993,-0.031059522959316795,0.006553026,0.007432215,0.013985240999999999,stop_loss,True,False
346,14343.46,14843.38,0.0003,2025-05-25 09:00:00-03:00,2025-05-27 04:00:00-03:00,1 days 19:00:00,0.13572866850000018,0.031542521469715167,0.006454557,0.0077927745,0.0142473315,take_profit,False,True
347,14979.21,15523.23,0.0003,2025-05-27 05:00:00-03:00,2025-05-28 21:00:00-03:00,1 days 16:00:00,0.1483156597499995,0.03300478012525349,0.006740644499999999,0.008149695749999998,0.014890340249999998,take_profit,False,True
348,15469.16,15123.94,0.0003,2025-05-28 22:00:00-03:00,2025-05-29 10:00:00-03:00,0 days 12:00:00,-0.11846719049999978,-0.02552760686423822,0.006961121999999998,0.0079400685,0.014901190499999998,stop_loss,True,False
349,15167.85,14724.48,0.0003,2025-05-29 11:00:00-03:00,2025-05-29 21:00:00-03:00,0 days 10:00:00,-0.14756688450000094,-0.032429752074288914,0.0068255325,0.0077303519999999985,0.014555884499999998,stop_loss,True,False
350,14886.85,14560.0,0.0003,2025-05-30 09:00:00-03:00,2025-05-30 13:00:00-03:00,0 days 04:00:00,-0.11239808250000043,-0.025167196216795456,0.0066990825,0.007643999999999999,0.0143430825,stop_loss,True,False
351,14634.08,14678.21,0.0003,2025-05-31 10:00:00-03:00,2025-05-31 13:00:00-03:00,0 days 03:00:00,-0.001052396250000756,-0.00023971356586833744,0.006585336,0.00770606025,0.01429139625,technical_signal,True,False
352,14679.08,14455.82,0.0003,2025-05-31 17:00:00-03:00,2025-05-31 22:00:00-03:00,0 days 05:00:00,-0.08117289149999957,-0.018432783594067106,0.006605585999999999,0.0075893055,0.0141948915,stop_loss,True,False
353,14653.41,14431.18,0.0003,2025-06-01 13:00:00-03:00,2025-06-01 23:00:00-03:00,0 days 10:00:00,-0.08083940399999982,-0.01838921315925777,0.0065940345,0.007576369499999999,0.014170404,stop_loss,True,False
354,14460.79,14846.72,0.0003,2025-06-02 11:00:00-03:00,2025-06-02 20:00:00-03:00,0 days 09:00:00,0.10147711650000005,0.023391326130868383,0.006507355499999999,0.0077945279999999985,0.014301883499999998,take_profit,False,True
355,14920.83,14558.38,0.0003,2025-06-02 21:00:00-03:00,2025-06-05 10:00:00-03:00,2 days 13:00:00,-0.12309252300000002,-0.027499033900929115,0.006714373499999999,0.007643149499999999,0.014357522999999997,stop_loss,True,False
356,13873.03,14067.07,0.0003,2025-06-06 09:00:00-03:00,2025-06-06 10:00:00-03:00,0 days 01:00:00,0.0445839247500002,0.01071237375685057,0.0062428635,0.0073852117500000005,0.01362807525,technical_signal,False,True
357,14014.57,14078.89,0.0003,2025-06-06 13:00:00-03:00,2025-06-08 22:00:00-03:00,2 days 09:00:00,0.005598026250000615,0.0013314777049885978,0.006306556499999999,0.007391417249999999,0.013697973749999998,technical_signal,False,True
358,14223.79,14766.59,0.0003,2025-06-09 08:00:00-03:00,2025-06-09 18:00:00-03:00,0 days 10:00:00,0.14868683475000027,0.034844635817879825,0.006400705499999999,0.007752459749999999,0.014153165249999999,take_profit,False,True
359,14888.31,15494.68,0.0003,2025-06-09 19:00:00-03:00,2025-06-10 08:00:00-03:00,0 days 13:00:00,0.16707655349999953,0.037406652937774565,0.0066997395,0.008134706999999998,0.014834446499999997,take_profit,False,True
360,15416.62,15883.74,0.0003,2025-06-10 09:00:00-03:00,2025-06-11 12:00:00-03:00,1 days 03:00:00,0.12485955750000008,0.0269967428009512,0.006937479,0.008338963500000001,0.015276442500000001,take_profit,False,True
361,15895.65,15643.33,0.0003,2025-06-11 13:00:00-03:00,2025-06-11 16:00:00-03:00,0 days 03:00:00,-0.09106179074999983,-0.019095746477809934,0.007153042499999998,0.008212748249999999,0.015365790749999997,stop_loss,True,False
362,15642.44,15335.83,0.0003,2025-06-11 17:00:00-03:00,2025-06-11 19:00:00-03:00,0 days 02:00:00,-0.1070734087499999,-0.022816859933616478,0.007039098,0.008051310749999999,0.01509040875,stop_loss,True,False
363,14241.77,13954.13,0.0003,2025-06-13 09:00:00-03:00,2025-06-14 13:00:00-03:00,1 days 04:00:00,-0.10002671475000054,-0.023411583145915276,0.006408796499999999,0.007325918249999999,0.013734714749999998,stop_loss,True,False
364,14109.61,14190.84,0.0003,2025-06-14 19:00:00-03:00,2025-06-15 19:00:00-03:00,1 days 00:00:00,0.010569484499998979,0.002496994247183061,0.006349324500000001,0.007450190999999999,0.013799515500000002,technical_signal,False,True
365,14202.6,14625.61,0.0003,2025-06-15 20:00:00-03:00,2025-06-16 04:00:00-03:00,0 days 08:00:00,0.1128333847500006,0.02648186124371608,0.00639117,0.00767844525,0.01406961525,take_profit,False,True
366,14637.72,14185.15,0.0003,2025-06-16 05:00:00-03:00,2025-06-16 19:00:00-03:00,0 days 14:00:00,-0.14980517775000005,-0.03411395985850257,0.006586974000000001,0.007447203749999999,0.01403417775,stop_loss,True,False
367,13766.72,13850.27,0.0003,2025-06-18 09:00:00-03:00,2025-06-19 15:00:00-03:00,1 days 06:00:00,0.01159858425000076,0.0028083630305550298,0.006195023999999999,0.00727139175,0.013466415749999999,technical_signal,False,True
368,13945.93,13428.31,0.0003,2025-06-19 19:00:00-03:00,2025-06-20 14:00:00-03:00,0 days 19:00:00,-0.16861153125,-0.040301251870617456,0.0062756685,0.007049862749999998,0.013325531249999998,stop_loss,True,False
369,13449.83,12673.52,0.0003,2025-06-21 10:00:00-03:00,2025-06-21 18:00:00-03:00,0 days 08:00:00,-0.24559902149999954,-0.06086793699251207,0.006052423499999999,0.006653598,0.0127060215,stop_loss,True,False
370,12572.05,12321.52,0.0003,2025-06-23 09:00:00-03:00,2025-06-23 13:00:00-03:00,0 days 04:00:00,-0.08728522049999952,-0.023142664481926055,0.005657422499999999,0.0064687979999999996,0.0121262205,stop_loss,True,False
371,12602.7,12965.61,0.0003,2025-06-23 14:00:00-03:00,2025-06-23 17:00:00-03:00,0 days 03:00:00,0.09639483974999985,0.025495816967792576,0.005671215,0.00680694525,0.01247816025,take_profit,False,True
372,12928.2,13285.99,0.0003,2025-06-23 18:00:00-03:00,2025-06-23 19:00:00-03:00,0 days 01:00:00,0.09454416524999919,0.02437672819882097,0.00581769,0.006975144749999999,0.012792834749999999,take_profit,False,True
373,13300.28,13678.77,0.0003,2025-06-23 20:00:00-03:00,2025-06-24 13:00:00-03:00,0 days 17:00:00,0.10038051974999997,0.02515749536851855,0.0059851259999999995,0.00718135425,0.01316648025,take_profit,False,True
374,13562.88,13354.66,0.0003,2025-06-24 14:00:00-03:00,2025-06-26 14:00:00-03:00,2 days 00:00:00,-0.07558049249999983,-0.01857533023959509,0.006103295999999999,0.007011196499999999,0.013114492499999998,stop_loss,True,False
375,13575.45,13336.63,0.0003,2025-06-27 06:00:00-03:00,2025-06-27 09:00:00-03:00,0 days 03:00:00,-0.0847566832500002,-0.020811264267482896,0.0061089525,0.00700173075,0.01311068325,stop_loss,True,False
376,13402.03,13799.14,0.0003,2025-06-28 06:00:00-03:00,2025-06-29 19:00:00-03:00,1 days 13:00:00,0.1058575379999996,0.026328732289063576,0.0060309134999999995,0.007244548499999999,0.013275461999999998,take_profit,False,True
377,13891.76,13656.1,0.0003,2025-06-29 21:00:00-03:00,2025-06-30 03:00:00-03:00,0 days 06:00:00,-0.0841187445000005,-0.020184326176092997,0.006251292,0.0071694525,0.013420744500000002,stop_loss,True,False
378,13770.14,13552.13,0.0003,2025-06-30 04:00:00-03:00,2025-06-30 09:00:00-03:00,0 days 05:00:00,-0.07871443125000117,-0.019054376898129135,0.0061965629999999996,0.007114868249999999,0.013311431249999998,stop_loss,True,False
379,13425.65,13921.79,0.0003,2025-07-02 03:00:00-03:00,2025-07-02 13:00:00-03:00,0 days 10:00:00,0.13549151775000046,0.033639964731689086,0.006041542499999999,0.00730893975,0.01335048225,take_profit,False,True
380,13964.97,13721.63,0.0003,2025-07-02 14:00:00-03:00,2025-07-04 10:00:00-03:00,1 days 20:00:00,-0.08649009225000005,-0.02064453468213682,0.006284236499999998,0.00720385575,0.013488092249999998,stop_loss,True,False
381,13757.0,13809.11,0.0003,2025-07-04 21:00:00-03:00,2025-07-05 03:00:00-03:00,0 days 06:00:00,0.0021925672500004633,0.0005312609944029618,0.00619065,0.00724978275,0.01344043275,technical_signal,False,True
382,13760.0,14116.78,0.0003,2025-07-05 11:00:00-03:00,2025-07-06 18:00:00-03:00,1 days 07:00:00,0.09343069050000039,0.022633403706395445,0.006192,0.007411309499999999,0.013603309499999999,take_profit,False,True
383,14106.37,13849.5,0.0003,2025-07-06 19:00:00-03:00,2025-07-07 11:00:00-03:00,0 days 16:00:00,-0.09067985400000059,-0.02142763730144622,0.0063478665,0.007270987499999999,0.013618854,stop_loss,True,False
384,14007.89,14406.04,0.0003,2025-07-08 03:00:00-03:00,2025-07-09 02:00:00-03:00,0 days 23:00:00,0.10557827849999965,0.025123526455447527,0.0063035505,0.007563170999999999,0.013866721499999998,take_profit,False,True
385,14416.2,14920.5,0.0003,2025-07-09 03:00:00-03:00,2025-07-09 15:00:00-03:00,0 days 12:00:00,0.13696944749999931,0.03167026158072153,0.00648729,0.0078332625,0.0143205525,take_profit,False,True
386,15186.23,15664.94,0.0003,2025-07-09 16:00:00-03:00,2025-07-10 14:00:00-03:00,0 days 22:00:00,0.12855510300000023,0.028217471353983233,0.006833803499999999,0.0082240935,0.015057896999999999,take_profit,False,True
387,15614.9,16463.63,0.0003,2025-07-10 15:00:00-03:00,2025-07-10 18:00:00-03:00,0 days 03:00:00,0.23894888925000082,0.05100873508636001,0.007026704999999999,0.00864340575,0.01567011075,take_profit,False,True
388,16324.73,16035.86,0.0003,2025-07-10 19:00:00-03:00,2025-07-10 21:00:00-03:00,0 days 02:00:00,-0.10242595499999924,-0.020914272395316645,0.007346128499999998,0.0084188265,0.015764954999999997,stop_loss,True,False
389,16169.41,16617.56,0.0003,2025-07-10 22:00:00-03:00,2025-07-11 10:00:00-03:00,0 days 12:00:00,0.11844454650000007,0.024417412571021473,0.007276234499999998,0.008724218999999998,0.016000453499999998,take_profit,False,True
390,16591.35,16302.13,0.0003,2025-07-11 11:00:00-03:00,2025-07-12 11:00:00-03:00,1 days 00:00:00,-0.10279072575000027,-0.020651469139039376,0.0074661074999999985,0.00855861825,0.01602472575,stop_loss,True,False
391,16488.04,16917.93,0.0003,2025-07-13 00:00:00-03:00,2025-07-14 01:00:00-03:00,1 days 01:00:00,0.11266546875000051,0.02277721078430194,0.007419617999999999,0.00888191325,0.01630153125,take_profit,False,True
392,16812.05,16472.31,0.0003,2025-07-14 02:00:00-03:00,2025-07-15 00:00:00-03:00,0 days 22:00:00,-0.11813538524999875,-0.023422760311799923,0.007565422499999999,0.008647962749999998,0.016213385249999997,stop_loss,True,False
393,16978.81,16543.6,0.0003,2025-07-15 10:00:00-03:00,2025-07-15 11:00:00-03:00,0 days 01:00:00,-0.14688885450000144,-0.028837681498291388,0.0076404645,0.008685389999999998,0.016325854499999997,stop_loss,True,False
394,16949.96,17492.45,0.0003,2025-07-15 12:00:00-03:00,2025-07-15 20:00:00-03:00,0 days 08:00:00,0.1459359817500003,0.028699375839235083,0.007627482,0.009183536249999999,0.016811018249999997,take_profit,False,True
395,17523.26,18139.99,0.0003,2025-07-15 21:00:00-03:00,2025-07-16 11:00:00-03:00,0 days 14:00:00,0.16761003825000068,0.031883344052419604,0.007885466999999998,0.00952349475,0.01740896175,take_profit,False,True
396,18077.55,18567.3,0.0003,2025-07-16 12:00:00-03:00,2025-07-16 15:00:00-03:00,0 days 03:00:00,0.12904227000000087,0.023794203307417376,0.008134897499999998,0.009747832499999998,0.017882729999999996,take_profit,False,True
397,18844.4,19342.12,0.0003,2025-07-16 16:00:00-03:00,2025-07-17 06:00:00-03:00,0 days 14:00:00,0.1306814069999988,0.02311586943601261,0.00847998,0.010154612999999998,0.018634592999999998,take_profit,False,True
398,19328.23,19030.48,0.0003,2025-07-17 07:00:00-03:00,2025-07-17 10:00:00-03:00,0 days 03:00:00,-0.10801370549999924,-0.018627969814100802,0.008697703499999997,0.009991001999999999,0.018688705499999996,stop_loss,True,False
399,19097.98,19660.67,0.0003,2025-07-17 11:00:00-03:00,2025-07-17 21:00:00-03:00,0 days 10:00:00,0.1498910572500005,0.02616176462117992,0.008594091,0.01032185175,0.018915942749999998,take_profit,False,True
400,20066.68,19682.27,0.0003,2025-07-17 22:00:00-03:00,2025-07-18 17:00:00-03:00,0 days 19:00:00,-0.1346861977500001,-0.022373107683981625,0.009030005999999998,0.010333191749999998,0.019363197749999998,stop_loss,True,False
401,19922.27,20509.02,0.0003,2025-07-18 18:00:00-03:00,2025-07-20 00:00:00-03:00,1 days 06:00:00,0.15629274299999973,0.02615042412335538,0.0089650215,0.010767235499999998,0.019732256999999996,take_profit,False,True
402,20496.45,21040.17,0.0003,2025-07-20 01:00:00-03:00,2025-07-20 08:00:00-03:00,0 days 07:00:00,0.14284650824999898,0.02323109745834018,0.0092234025,0.011046089249999998,0.02026949175,take_profit,False,True
403,21011.62,21028.61,0.0003,2025-07-20 09:00:00-03:00,2025-07-20 21:00:00-03:00,0 days 12:00:00,-0.015398249250000152,-0.0024428148567316806,0.009455228999999999,0.01104002025,0.02049524925,end_of_data,True,False
